본부코드,팀코드,담당자코드,광고주명,매체,계정,마스터 계정(mskimkim) 권한 요청,요청 불가 사유
928,1202,939,아산그라시아펜션,NAVER,1034394813,,
928,1184,914,sm수미산업,NAVER,1054551482,,
928,1202,938,태능쇼핑백,NAVER,24333607,,
809,810,201032,토담,NAVER,2545,,
928,1202,895,파주민통선원주민공인중개사사무소,NAVER,319531315,,
928,1202,938,(주)대성산업개발,NAVER,0482ds:naver,,
927,1200,201038,엔젤사진관,NAVER,1004photos,,
928,1202,1040,신일수산,NAVER,11444gyn,,
928,1202,933,동남탱크보트,NAVER,114boat,,
928,1202,51,에듀인쇄기획,NAVER,114print,,
927,1200,551,웰데이,NAVER,1991ehdus,,
928,1184,914,성진상사,NAVER,1angle,,
927,1200,57,주청과,NAVER,21c40mj:naver,,
928,1202,81,한국종합개발,NAVER,21jyh,,
928,1202,25,런전자,NAVER,21run,,
928,1202,26,247핏,NAVER,247fit,,
928,1202,898,24클린솔루션,NAVER,24solution:naver,,
928,1184,1274,금강만물,NAVER,2727kl,,
928,1202,81,고려이앤아이,NAVER,3005kt,,
926,1207,201037,(주)삼일레이저,NAVER,31laser,,
928,1184,9,한국레이저정밀,NAVER,3220051,,
928,1184,914,삼방산건강원,NAVER,3333245,,
928,1184,201004,신세기유학원,NAVER,3535jinny,,
928,1202,806,"홍익인간(결On, 결온, 장가가유)",NAVER,3645119,,
926,1207,201037,365리빙,NAVER,365living,,
926,1207,201011,쓰리지에프,NAVER,3gforever,,
928,1202,251,44바라기,NAVER,44baraki,,
927,1200,33,이미지라인,NAVER,5759ppgg,,
927,1200,1271,옻칠공예,NAVER,57jbh:naver,,
926,1207,201037,오팔집,NAVER,58jeap,,
928,1202,895,양향자푸드앤코디아카데미,NAVER,711rokmc,,
928,1202,50,혜정속기사,NAVER,7145755,,
928,1202,806,드림환경자원,NAVER,720426-:naver,,
927,1200,57,빌딩로그인,NAVER,7410sin,,
928,1202,938,새마을환경,NAVER,8325saemaul,,
928,1202,25,현수막팩토리,NAVER,838306,,
809,810,201021,누브네 한결축산,NAVER,8615694:naver,,
928,1202,939,ksa한국체대입시학원,NAVER,9965611,,
926,964,200998,조은소리보청기 광주,NAVER,999shot,,
927,1200,930,구구팩,NAVER,99pack,,
928,1202,939,힙스,NAVER,a000hl,,
927,1200,1271,디자인하다,NAVER,a0515kyh:naver,,
928,1184,9,대한웅변연합회(성현스피치아카데미),NAVER,a30003722,,
928,1202,939,제빙기hm유통,NAVER,a608985,,
928,1184,917,에이비씨상사(주),NAVER,abc,,
928,1202,251,주식회사 디엔,NAVER,ablebb,,
928,1202,201009,에어바운스천국,NAVER,abnc2235:naver,,
809,810,1349,스카이(sky)학원,NAVER,academy1230,,
927,1200,930,주식회사액센트리,NAVER,accentri82,,
928,1202,806,더스트헌터,NAVER,acemach,,
926,1207,200980,엑제트코리아,NAVER,aczetkorea,,
928,1202,929,애드인아트,NAVER,adinart,,
928,1184,1274,라이트존,NAVER,advantrue,,
928,1202,81,성남이사,NAVER,ady6185,,
926,1207,200980,이지스씰링테크놀로지,NAVER,aegisseal,,
928,1184,9,조혜원아동상담센터,NAVER,aeya,,
928,1184,1548,에이펙,NAVER,afec,,
928,1202,1040,에이에프지,NAVER,afg,,
928,1184,201004,아프리카안경 합정점,NAVER,africahj213,,
928,1202,51,개인택시정보센터,NAVER,aganaa4271,,
928,1202,251,에이지엘 주식회사,NAVER,agltiger,,
927,1200,1271,세라피쇼파,NAVER,ahj3345,,
928,1202,50,유퍼스트몰,NAVER,ahrcian,,
928,1202,806,아이마코리아,NAVER,aimakorea,,
926,1207,201011,에이아이엠,NAVER,aimkor,,
926,1207,201011,영풍크린테크,NAVER,aircenter,,
928,1202,1040,에어코세아,NAVER,aircosea,,
928,1184,9,아전이엔지,NAVER,ajeon10,,
928,1202,898,ak웹서비스,NAVER,akwebservice,,
927,1200,930,알구고(JW 생활건강),NAVER,algu0429,,
928,1202,939,(주)에일리언테크놀로지아시아,NAVER,alienasia,,
928,1202,898,모든날기프트,NAVER,alldaygift,,
927,1200,930,올인포케이,NAVER,allinfok,,
928,1202,895,동방하이테크상사,NAVER,allpump,,
927,1200,817,주식회사 상단,NAVER,allta_328:naver,,
927,1200,1012,(주)와이컬렉션,NAVER,alltrendmall,,
928,1202,939,전신물산,NAVER,alltrust,,
926,1207,201037,알파동물메디컬센터,NAVER,alphaamc:naver,,
928,1202,938,청춘욕실,NAVER,alsdn2233,,
928,1202,806,하나철거,NAVER,alstjr240,,
927,1200,201038,카페목화,NAVER,alswb0808:naver,,
928,1202,652,콤마씨,NAVER,alswjd7590,,
928,1202,81,에이엘테크,NAVER,altech,,
928,1184,1274,리본스튜디오,NAVER,alwk7464,,
926,1207,200982,알즈너,NAVER,alznner4639,,
928,1202,50,WOW WONDERFUL WORLD,NAVER,amazingshow1,,
928,1202,51,(주)아남자동기,NAVER,anamauto,,
928,1202,933,한국안전원,NAVER,anchon119,,
928,1184,9,힐링온펜션,NAVER,angel5587,,
928,1202,933,엔젤녹즙기,NAVER,angeljuicer,,
928,1202,938,안마루,NAVER,angihii0103,,
926,1207,200982,청명,NAVER,anipong:naver,,
927,1200,33,한백지붕공사,NAVER,annzed,,
928,1202,51,에코나노,NAVER,ansgmlgh1,,
809,810,201021,공구리술집,NAVER,antique1004:naver,,
927,1200,930,(주)혜지시스템,NAVER,anycam10,,
926,1207,200980,애니씰코리아,NAVER,anyseal,,
928,1202,1211,애니시큐어 주식회사,NAVER,anysecure,,
927,1200,1271,도움메디칼,NAVER,aosmedical,,
926,1207,200980,에이펙스EMS스튜디오,NAVER,apexschool,,
928,1184,9,시사어학원,NAVER,apexstudycafe:naver,,
926,1207,200980,주식회사한울_돈치킨,NAVER,apgujeongfs,,
928,1184,1548,주식회사 에이픽스게이밍,NAVER,apixgaming,,
927,1200,33,에어팩코리아,NAVER,apk,,
927,1200,57,아펜즈,NAVER,appenz,,
927,1200,57,아펜즈,NAVER,appenz_coffee:naver,,
927,1200,1012,퍼스트트렌드,NAVER,approco,,
928,1202,938,아프로시트,NAVER,aprosheet,,
928,1202,50,뱅크몰,NAVER,apt247,,
927,1200,1530,제이에이치홀딩스,NAVER,aqua3725,,
928,1184,917,큐브스퀘어,NAVER,aranhuez,,
928,1202,51,아버스튜디오,NAVER,arborstudio,,
809,810,1349,팀타이푼,NAVER,ares_company:naver,,
928,1202,939,아리테크/기구설계/제품개발,NAVER,aritech,,
928,1202,895,아트이벤트,NAVER,art10041004,,
928,1202,895,좋은의안,NAVER,arteye73,,
926,1207,200980,아트유,NAVER,artu4502,,
928,1202,652,래이샵,NAVER,artygen2012,,
928,1184,9,태원석면환경,NAVER,asbesto,,
928,1184,1274,케이엠하이테크,NAVER,asd83op,,
928,1202,938,아시아여행사,NAVER,asiatour,,
928,1184,917,삼양밸브종합 판매 설치 AS점,NAVER,asicb,,
928,1202,806,태송자동문기업,NAVER,asrs2012,,
928,1202,938,자동차이야기,NAVER,assa_aran,,
927,1200,817,안성에스티,NAVER,asst1111,,
928,1202,939,아테네 체대입시,NAVER,athene1,,
928,1202,938,아토바스,NAVER,atobath,,
809,810,201032,에이투지필터,NAVER,atoz1826:naver,,
928,1202,895,연세지움피부과,NAVER,autobot123,,
928,1202,898,자동문의고수,NAVER,autodoor1,,
928,1202,938,지아이네트워크,NAVER,autopc,,
928,1202,929,아반,NAVER,avan8286,,
928,1202,898,주식화사 아빌라리조트,NAVER,avila3007,,
928,1202,50,현민무역,NAVER,avworld,,
928,1202,806,(주)비원오피스,NAVER,b1326,,
927,1200,33,하나지붕공사,NAVER,b4724,,
928,1184,1274,베이비송,NAVER,baby1397,,
927,1200,1594,허리큐주식회사,NAVER,backq,,
926,1207,201037,어소향,NAVER,badamolli:naver,,
928,1202,51,배짱인커뮤니케이션,NAVER,baejjangin,,
926,964,200998,kb주택,NAVER,baewo89,,
927,1200,1271,(주)청명앤드청솔,NAVER,bagnsan,,
928,1202,806,장똘뱅이 오마카세,NAVER,bak1583:naver,,
928,1202,939,밸런스휠 수영강변점,NAVER,balancewheel,,
928,1202,938,반딧불이 원주점,NAVER,bandichon,,
928,1202,895,연세반디치과,NAVER,bandiortho,,
928,1202,806,가야방짜유기,NAVER,bangjjayougi,,
928,1202,50,뱅크몰,NAVER,bankmallcorp:naver,,
928,1202,1040,반야왁싱,NAVER,banyawaxing1,,
926,964,200998,밥통앱,NAVER,baptongapp:naver,,
928,1202,1040,형제상회,NAVER,baral8,,
928,1202,81,광명사,NAVER,baram2180hot,,
927,1200,33,KT소렘,NAVER,bareunsafe,,
928,1184,201027,주식회사 보보,NAVER,bb6005,,
928,1202,939,까사모로(펜션뽀대 계정명),NAVER,bbodae2,,
928,1202,1211,(주)홈그라운드,NAVER,bbok80,,
928,1202,25,제이에이치아이엔씨,NAVER,bboomtv,,
928,1202,1040,비비스토어,NAVER,bbstoreh,,
928,1202,26,우리네펜션,NAVER,bcbcbc360:naver,,
928,1202,933,비씨워터젯,NAVER,bcwaterjet,,
809,810,1349,바닥재고려,NAVER,bdjkorea:naver,,
927,1200,33,비츠나인,NAVER,beatsnine:naver,,
928,1202,1040,베베누보,NAVER,bebenuvo,,
928,1202,933,베프문화센터,NAVER,befacademy1:naver,,
927,1200,560,벨샵,NAVER,bellshop,,
809,810,201032,헤어워크,NAVER,ben_kim91:naver,,
928,1184,1274,베니아,NAVER,benia,,
926,1207,201037,잠실베스트동물메디컬센터,NAVER,bestamc,,
927,1200,33,베스트아트,NAVER,bestart7,,
809,810,201052,베럴유(better U),NAVER,better-u:naver,,
928,1184,914,베러데이,NAVER,betterday,,
928,1202,25,천사공인중개사,NAVER,bg_angel,,
928,1202,1040,베스트환경,NAVER,bi9000,,
928,1202,652,비단각시,NAVER,bidan2021,,
928,1184,914,빅셀러,NAVER,bigseller,,
928,1202,895,네오미디어,NAVER,bin0122,,
928,1184,1274,쌍봉목재사,NAVER,bisdda,,
928,1202,895,토탈에어컨8572,NAVER,bjh2133,,
928,1184,917,주식회사 자애인,NAVER,bk4661115,,
928,1202,26,솔향기길 캠핑장,NAVER,bkt9930,,
927,1200,33,제이알인더스트리,NAVER,blleiad:naver,,
927,1200,57,레디코,NAVER,bloster,,
926,1207,1328,블루인,NAVER,bluein,,
928,1202,51,(주)블루정보,NAVER,bluejeongbo:naver,,
927,1200,33,블루티움,NAVER,bluetium:naver,,
927,1200,817,(주)블루윙,NAVER,bluewing123,,
927,1200,817,(주)블루윙,NAVER,bluewing3418,,
928,1202,1040,유미레저(놀자365),NAVER,blurfrig,,
928,1202,938,보명시스템,NAVER,bm2883,,
928,1202,51,아이프린팅,NAVER,bnbpop,,
928,1202,652,주식회사 몸앤정신,NAVER,bns0506,,
809,810,1349,디딤데코,NAVER,boggo84,,
928,1184,914,본글라스,NAVER,bogoimage,,
926,1207,1328,대유기획인쇄,NAVER,bohyun2955,,
809,810,1349,보만코리아,NAVER,bomannkorea,,
928,1202,50,(주)밤나무,NAVER,bomnamu,,
928,1202,895,퀸즈핫요가 신림점,NAVER,bong9381,,
928,966,201031,주식회사 디스피스,NAVER,boohgle,,
928,1184,914,즐겨찾기,NAVER,bookmark,,
928,1202,1040,드림스피치,NAVER,boompsh2,,
927,1200,1271,부스트업,NAVER,boostup19:naver,,
928,1184,1274,써니피치,NAVER,bopulcokr,,
928,1202,929,보람퀵서비스,NAVER,boram1577,,
928,1202,895,거산종합사무기,NAVER,bow2005,,
928,1184,1274,연합파렛트,NAVER,box77,,
927,1200,1594,주식회사 에이스종합물류,NAVER,boygyo2:naver,,
927,1200,1594,주식회사 에이스종합물류,NAVER,boygyo22,,
928,1202,51,이엔에스브레인맵,NAVER,brain15:naver,,
927,1200,1594,주식회사 브레이브컴퍼니,NAVER,bravecompany,,
928,1184,9,brm연구소부산지회,NAVER,brmbs,,
928,1184,9,brm연구소 목동지회,NAVER,brmmk,,
928,1202,51,(주)현대브러쉬시스템,NAVER,brush114,,
928,1202,26,미오네일,NAVER,bs11170317:naver,,
928,1184,9,부산음향,NAVER,bssound,,
927,1200,1594,스마트가이,NAVER,bulsapa1,,
928,1184,1274,비씨씨(주),NAVER,bum2077,,
928,1184,917,세제기업,NAVER,bunhonglee10,,
927,1200,556,제이엠트레이딩,NAVER,bunnyworld,,
928,1202,652,상일산업,NAVER,butinastocking:naver,,
928,1202,898,바이가미 부산,NAVER,bygami_busan,,
928,1202,51,남원목기,NAVER,byungpung,,
928,1202,806,에프앤씨코리아(fnc코리아),NAVER,byunsuk07,,
928,1202,938,탑전선케이블,NAVER,cables,,
928,1184,914,케이블테크(주),NAVER,cabletec,,
928,1184,917,콜밴요정,NAVER,callvanfairy,,
928,1202,806,빚다,NAVER,calos1,,
927,1200,566,캠프통아일랜드,NAVER,camptong,,
927,1200,566,캠프통포레스트,NAVER,camptong2,,
927,1200,1271,기륭데이타,NAVER,capiolani,,
928,1184,201027,커리어메이킹,NAVER,careermaking,,
928,966,201031,주식회사 디스피스,NAVER,careness,,
928,1202,939,카원,NAVER,carone68,,
927,1200,1012,주식회사 에이치제이매그놀리아용평디오션,NAVER,carrot2030:naver,,
928,1202,933,카스,NAVER,cas,,
928,1184,201004,제이에스텍,NAVER,cas5544,,
928,1184,9,독립광고,NAVER,casign,,
928,1184,9,시사어학원,NAVER,castle6200,,
928,1202,898,캐치아이티,NAVER,catchit,,
928,1202,898,안경선,NAVER,cats040617,,
928,1184,1548,칼천지,NAVER,ccc1166,,
928,1184,1274,샤플리헤어,NAVER,ccin0428,,
928,1202,251,(주)씨디네트웍스,NAVER,cdnetworks,,
928,1184,1274,센트럴T성형외과,NAVER,central1254,,
928,1202,938,더조은창,NAVER,cha40805,,
809,810,1349,셀레브레이션,NAVER,chacha0115:naver,,
928,1184,914,후한의원,NAVER,chaeumsaeng,,
927,1200,57,동일하이테크,NAVER,chameleon360,,
809,810,1349,카멜로로스터즈,NAVER,chameloroasters:naver,,
927,1200,556,(주)참좋은,NAVER,chamjoeun17,,
928,1202,938,창조큐비클,NAVER,changjo2012,,
928,1184,9,차세데산업,NAVER,chasedae,,
927,1200,201038,베리악기,NAVER,chb0508:naver,,
928,1184,1274,(주)쉐어앤서비스,NAVER,che0070:naver,,
928,1202,933,청림원,NAVER,cheonglimwon:naver,,
928,1202,25,체르엠(주),NAVER,cherem7,,
926,1207,200982,청학동대안학교,NAVER,cheunghak,,
927,1200,1496,제이미인터내셔날,NAVER,chjibb,,
928,1184,201027,초이스외벽공사,NAVER,chlgns80,,
928,1202,895,연세원비뇨의학과의원,NAVER,chnuno,,
926,1207,200980,한일공업변압기,NAVER,choi6065,,
927,1200,1530,한남산업,NAVER,chojangyen:naver,,
928,1202,51,초코마대,NAVER,chokohr,,
928,1202,51,천일석재,NAVER,chonilstone,,
928,1202,938,초록패키지,NAVER,chorocpackage:naver,,
927,1200,1594,네츄럴파크,NAVER,chowory,,
928,1202,1040,청취에듀,NAVER,chungchyedu,,
928,1202,929,듀크린,NAVER,chunghoca,,
926,964,200998,충만기업,NAVER,chungman,,
926,1207,201037,청림농원,NAVER,chungrim,,
926,1207,201037,청그립작업스튜디오,NAVER,chungsimi:naver,,
1204,1205,201073,이지위그스타일,NAVER,chunhowig,,
928,1184,9,선우금속,NAVER,chwo2001,,
928,1202,26,쵸코파이펜션,NAVER,chy7999,,
927,1200,33,강남기획,NAVER,cia7007,,
928,1202,898,주식회사 샤마,NAVER,cimakwon,,
927,1200,1271,원웨이영어학원,NAVER,circlenet,,
928,1202,1040,메디패션,NAVER,cj8177,,
928,1202,50,창조아트,NAVER,cjart815,,
928,1184,9,청주미용,NAVER,cjbeauty,,
927,1200,33,씨플랜어학원-권현정,NAVER,cjcplan0903,,
927,1200,57,에이치케이이노엔(주),NAVER,cjhc140401:naver,,
928,1202,81,안전한세상,NAVER,ckj315,,
1204,1205,201073,클라랑스코리아유한회사,NAVER,clarins_kr,,
928,1202,806,클린아일랜드,NAVER,cleanisland,,
928,1202,898,씨엠테크,NAVER,cmtech1,,
927,1200,551,(주)씨엔컴퍼니,NAVER,cnmall29,,
928,1202,251,씨큐브,NAVER,coffeekong1,,
928,1184,9,이레산업,NAVER,com274,,
928,1184,201022,(주)컴랜드시스템,NAVER,comland,,
927,1200,1012,에스제이 컴퍼니,NAVER,company-sj:naver,,
928,1184,917,콤파스,NAVER,compass114,,
809,810,201021,무빙팩,NAVER,compia66:naver,,
928,1202,26,소리엔방음문 국민도어,NAVER,cooc21,,
927,1200,57,한샘누수탐지,NAVER,coolred7:naver,,
928,1202,652,가평역레져,NAVER,core93,,
928,1184,1274,캐시맵,NAVER,coreanhope,,
928,1202,806,코르크로제주,NAVER,corkro100:naver,,
928,1184,9,카즈머스엔지니어링,NAVER,cosm,,
928,1202,895,(주)코스라이즈,NAVER,cosrise,,
928,1202,806,약손119신촌,NAVER,cowel7,,
927,1200,201038,coxco,NAVER,coxcoda,,
927,1200,33,씨플랜어학원-박수민,NAVER,cplan0509,,
927,1200,33,씨플랜어학원,NAVER,cplan1004,,
927,1200,33,씨플랜어학원-최재용,NAVER,cplan1719,,
927,1200,33,씨플랜어학원_cplan22,NAVER,cplan22,,
927,1200,33,씨플랜어학원-최연주,NAVER,cplan79,,
927,1200,33,씨플랜어학원,NAVER,cplanno1,,
928,1184,914,벨로픽스,NAVER,cpm2621,,
928,1202,1216,대진상사,NAVER,cs54595:naver,,
928,1202,938,사이언스몰,NAVER,csh774,,
928,1202,50,이삭,NAVER,css7380,,
928,1202,50,주식회사 쿠스코,NAVER,cz4293535,,
928,1202,652,스탠딩톨,NAVER,d0410e:naver,,
926,1207,1328,다올푸드,NAVER,daallfood:naver,,
928,1184,1274,주식회사다볼,NAVER,dabolcoco,,
928,1202,929,대영벽지,NAVER,dae02016,,
928,1202,50,곰보배추농장,NAVER,daebag810,,
928,1202,81,대덕공업사,NAVER,daedeok3333,,
928,1184,914,후한의원,NAVER,daeguhoo,,
928,1184,9,대구언어치료,NAVER,daeguun,,
928,1202,1040,릴라릴라,NAVER,daejinrila,,
928,1202,1040,대림우드,NAVER,daelimwood,,
928,1202,806,대로시스템,NAVER,daerosystem,,
928,1202,26,목공넷,NAVER,daeshin1,,
928,1202,51,법무법인대진,NAVER,daeshinlaw,,
928,1184,917,주식회사대성메이트,NAVER,daesung2110,,
928,1184,9,대성산업,NAVER,daesung3003,,
928,1184,201027,대운산업,NAVER,daewoon7,,
928,1202,1040,다같이미술학원 대구,NAVER,dagachidaegu,,
928,1202,251,두리농산,NAVER,daloe,,
928,1184,917,다모아카드,NAVER,damoa7875,,
928,1184,9,담양대나무총판,NAVER,damyang,,
928,1202,50,주식회사 다니카,NAVER,daniel777,,
928,1202,50,주식회사 다니카,NAVER,daniel888,,
928,1202,50,주식회사 다니카,NAVER,danika777,,
928,1202,50,주식회사 다니카,NAVER,danika888,,
927,1200,560,다온컴퍼니,NAVER,daon_cp:naver,,
927,1200,930,다온(하이키키),NAVER,daon82,,
928,1184,917,서울스토어,NAVER,darez,,
928,1184,917,서울스토어,NAVER,darez2,,
928,1184,917,서울스토어,NAVER,darez3,,
928,1184,917,서울스토어,NAVER,darez4,,
928,1202,50,유퍼스트몰,NAVER,dasemin4103,,
928,1202,1040,한국데이터진흥원,NAVER,datavoucher,,
928,1202,938,다음콘크리트,NAVER,daumcon,,
927,1200,930,데이비드테크(주)(엔보우),NAVER,david8241,,
928,1202,806,데이홈(앵두전구),NAVER,daylighting,,
928,1184,201027,대부앤틱,NAVER,dbf62,,
928,1202,895,메디이엔지,NAVER,dbs6229,,
928,1202,1216,디비씽크,NAVER,dbthinkltd,,
927,1200,930,디시몰,NAVER,dcmall88,,
928,1202,895,대동계기교역사,NAVER,dditco,,
927,1200,551,(주)창안애,NAVER,dgblind,,
928,1184,9,대흥기계,NAVER,dhcru,,
926,1207,1328,dhlkorea,NAVER,dhlkorea,,
928,1202,50,대천통나무펜션리조트,NAVER,dhsoss,,
928,1202,81,한국디아이씨,NAVER,dickorea_sa,,
928,1202,806,자이로딕손,NAVER,dicson,,
928,1202,251,디딤돌 아동미술,NAVER,didimdol_art,,
928,960,1632,문스컴퍼니,NAVER,digh4000:naver,,
928,1184,201029,삼정데이타서비스,NAVER,direct1234,,
926,1207,1328,합천생약가공영농조합법인,NAVER,dkrakx3,,
928,1202,81,삼융산업,NAVER,dksong2608,,
928,1202,652,임랑카라반파크,NAVER,dksxodud34,,
928,1202,251,주식회사 대교종합기계,NAVER,dktools0949,,
928,1202,1040,이파머스마켓,NAVER,dlaehd12345,,
928,1202,938,dlaudghl,NAVER,dlaudghl,,
926,964,200998,와이덱스보청기(김천),NAVER,dlawodlr9113,,
928,1202,1040,한국후지육절기AS센타,NAVER,dlfgus7,,
927,1200,201038,새미상점,NAVER,dlgkstoa456:naver,,
928,935,2,비슬라,NAVER,dlguswl02845:naver,,
928,1202,929,꿈애하우징,NAVER,dlovehouse,,
928,1202,938,플러스환경,NAVER,dlqudcjf888,,
928,1202,939,아이엔지건축 별하건설,NAVER,dls27,,
927,1200,566,디앤아이샵,NAVER,dnishop,,
928,1184,914,용된다,NAVER,dnjfem19,,
928,1202,929,디앤오스카,NAVER,dnoscar0306,,
927,1200,551,디자인늘품,NAVER,dnp00,,
926,1207,201037,다이렉트자동차보험몰(포트폴리오 에셋),NAVER,dochili5,,
926,1207,201071,라경찬한의원,NAVER,doctor3,,
928,1202,652,주식회사 바이오리더스,NAVER,doctorspga,,
928,1202,806,고려유통,NAVER,dodo211,,
928,1202,938,화이트기획 부평점,NAVER,dodopop1:naver,,
928,1202,1211,다잘방역,NAVER,doglia19,,
928,1202,1211,다잘,NAVER,doglia2002,,
927,1200,930,팔구샵,NAVER,doiggy89,,
928,1202,81,(주)도건이엔씨,NAVER,dokunenc,,
928,1202,1040,동백전기,NAVER,dongbackele,,
927,1200,817,소울기획,NAVER,dongboard,,
928,1184,1274,동부참사랑요양병원,NAVER,dongbu5611,,
926,1207,201037,돈지오반니,NAVER,dongiovanni,,
928,1184,201004,동림셔터,NAVER,dongrim04,,
928,1184,201027,동양씨앤씨,NAVER,dongyangcnc,,
926,1207,201011,둘레휀스,NAVER,doolleda:naver,,
926,1207,201037,꾸디,NAVER,dooroo_,,
928,1202,806,두성종합배관,NAVER,doosung1511,,
928,1202,1216,두성커머스,NAVER,doosung79,,
928,1184,201022,도랑가펜션,NAVER,dorangga27,,
927,1200,201038,도움소,NAVER,doumso,,
927,1200,1012,다이빙프로토콜,NAVER,dprotocol,,
928,1184,917,디피웰,NAVER,dpwell,,
928,1202,806,모톡스(케이앤제이)_탈모,NAVER,drckikit:naver,,
928,1202,51,시온,NAVER,dream4450921,,
928,1202,251,드림요양병원,NAVER,dreamhos,,
928,1202,939,아이봇,NAVER,dreamkyp1:naver,,
928,1184,201004,국제특수,NAVER,drju13,,
927,1200,201038,드림마켓,NAVER,drmaket:naver,,
928,1202,933,닥터큐랜드,NAVER,drquland,,
928,1184,9,우호철비뇨기과,NAVER,drwoouro,,
928,1202,895,(주)알정보네트웍스,NAVER,ds1118,,
926,1207,201011,대성중장비전문학원,NAVER,ds5653052k,,
928,1184,9,대성기업,NAVER,dscord,,
927,1200,33,동신공사,NAVER,dsgs2588,,
927,1200,560,(주)디에스엘,NAVER,dsleader,,
928,1202,898,(주)디에스텍,NAVER,dstech_inc,,
928,1184,201027,신출한의원,NAVER,dudahr80,,
926,1207,201037,OA나라 (프린터Q),NAVER,dufwjd22,,
927,1200,560,(주)두인디지텍,NAVER,duin100,,
928,1202,938,다경농원,NAVER,duk13579:naver,,
1204,1205,201073,내쇼날경기산업,NAVER,dukto123,,
926,1207,200982,복인당,NAVER,dune0330,,
928,1184,201027,두오엔텍,NAVER,duoitl,,
926,1207,201037,연호음료주식회사,NAVER,dusghzlzl:naver,,
928,1202,898,올인원오피스,NAVER,dusty000,,
927,1200,930,데이비드테크(주)(엔보우),NAVER,dveshop,,
927,1200,930,데이비드테크(주)(엔보우),NAVER,dveshop2,,
928,1202,26,대원전기,NAVER,dwelec,,
928,1202,26,제3용진호,NAVER,dydwls3,,
928,1184,201004,HH(에이치앤에이치),NAVER,dyjeen:naver,,
928,1184,201004,파란궁둥이,NAVER,dyjeen79,,
926,1207,1328,대양산업,NAVER,dyroller,,
927,1200,33,(주)금강스틸산업,NAVER,e9092002,,
928,1184,1548,세이버투플러스(이지펀),NAVER,easyfun3s:naver,,
927,1200,201038,주식회사 꼬끼오,NAVER,ebaykids,,
928,1202,1211,매생이총각네,NAVER,ebbysory,,
928,1202,933,첼로와거문고,NAVER,ecello,,
928,1202,806,에코프라이즈,NAVER,ecoprize,,
928,1202,939,울산산업직업학교,NAVER,ecu3322,,
927,1200,817,이든라이프,NAVER,eden6505,,
927,1200,1496,에덴도어,NAVER,edendoor,,
928,1202,81,한성대학교 한디원,NAVER,edubankhs,,
928,1202,898,에듀프랑스,NAVER,edufrance,,
928,1184,917,에듀켄,NAVER,edukenhomepy,,
928,1202,929,에듀퓨어,NAVER,edupure,,
928,1202,1040,썬라이즈캠핑,NAVER,edwinrsun,,
928,1202,51,대흥자수,NAVER,ef2233,,
928,1184,9,이지테크,NAVER,egt,,
926,1207,200982,도담도담,NAVER,ehekadl,,
928,1202,50,도래샘리조트,NAVER,ehfotoa,,
928,1202,806,박수형분양2,NAVER,ehrudtnr1208,,
928,1202,933,이아이씨앤,NAVER,eicn90,,
928,1202,938,그린락화이어,NAVER,ejiya70,,
928,1184,201004,폐금나라,NAVER,ejrrms3711,,
926,1207,201011,더편한요양병원,NAVER,ejvusgks77,,
809,810,1349,이케이뷰티,NAVER,ekbeauty,,
928,1184,1548,크라머코리아,NAVER,ekramer,,
928,1184,9,ksti,NAVER,eksti,,
928,1202,26,엘림스카이어닝,NAVER,elimsky,,
928,1184,201004,(주)이롭코퍼레이션,NAVER,elopcorp,,
928,1202,895,이강호,NAVER,ems123,,
809,810,1349,은하시스템,NAVER,enha,,
928,1184,914,후한의원,NAVER,ennongs,,
928,1184,201004,한국유수압,NAVER,enpos,,
926,964,200998,효성단지부동산,NAVER,ensiklove,,
928,1202,25,클린하수구,NAVER,eodml66,,
928,1202,51,하나방역(경주포항),NAVER,eonsoo0903:naver,,
928,1184,9,이피이큅먼트코리아,NAVER,epe4102,,
926,1207,1328,빠방운송,NAVER,epzl000:naver,,
927,1200,551,창준물산,NAVER,eqwreqw,,
928,1202,898,이레스포츠,NAVER,eremall,,
928,1184,914,에리치,NAVER,ericchi,,
928,1202,929,트루라이프,NAVER,etruelife,,
928,1202,26,이튼튼치과,NAVER,ett0026,,
927,1200,551,은계알파문구주식회사,NAVER,eumkymungu66,,
927,1200,1012,(주)은하수산,NAVER,eunha2377,,
927,1200,930,SE무역,NAVER,eunheejee,,
927,1200,817,더하우스,NAVER,eunjungbbong:naver,,
928,1184,9,은성테크,NAVER,eunsung1,,
928,1202,25,주식회사 에바다,NAVER,evada,,
928,1202,50,에버크린환경,NAVER,evercleantek,,
928,1184,1274,주식회사에버그린,NAVER,evergt1,,
928,1202,51,푸디스트 주식회사,NAVER,ewangmart,,
928,1184,201004,버드나무한의원,NAVER,explore4soul,,
809,810,1349,팹브리지,NAVER,fabbridge00,,
927,1200,1530,팜투베이비,NAVER,farmtobaby,,
928,1202,806,조은좌대낚시,NAVER,fbgmlco1234:naver,,
926,1207,201037,한우리(스네프)_1,NAVER,fdckjh,,
809,810,1349,금융디자인연구소,NAVER,fdlab,,
928,1202,938,파미유파티,NAVER,ffete1,,
927,1200,930,잼홀릭,NAVER,fholic2021:naver,,
928,1202,938,사이드아울렛,NAVER,filletcurve,,
928,1202,933,필터연구소,NAVER,filterrnd,,
928,1202,939,화인,NAVER,fineco,,
928,1202,81,(주)화인코리아,NAVER,finex97,,
928,1184,1274,핑갈주얼리,NAVER,fingals-jung89:naver,,
928,1184,914,아마존피쉬,NAVER,fish21c3,,
927,1200,33,PIS민간조사기업,NAVER,fixer,,
928,1202,201009,플렛,NAVER,flat5402,,
928,1202,806,몰로킨,NAVER,flduddhr:naver,,
1204,1205,201073,(주)이엘라이즈,NAVER,flyup_ent:naver,,
928,1184,201004,루미애체안경원,NAVER,fnaldocp,,
928,1202,26,미추홀구맛집,NAVER,foodstoryb:naver,,
926,1207,201011,포레스트 173,NAVER,forrest173,,
928,1184,201027,한독에어레스,NAVER,fosjys,,
926,1207,1328,(주)퓨쳐싸이언스,NAVER,future1123,,
927,1200,33,지투아이넷,NAVER,g2inet,,
928,1184,1274,가가청소철거,NAVER,gaga7113,,
928,1202,51,가인컨테이너,NAVER,gain5766766,,
928,1184,1548,갤럭시원룸텔,NAVER,galaxy1234,,
927,1200,33,가온몰,NAVER,gaon765,,
928,1202,50,블랙째즈,NAVER,gargadise,,
809,810,1349,가리온학원,NAVER,garionedu,,
928,1202,81,가야황토벽돌산업,NAVER,gayabrick,,
928,1202,806,강촌테마랜드,NAVER,gc99113,,
928,935,2,젤스타,NAVER,gelstar,,
928,1202,806,좋은친구들(프렌즈네트웍스),NAVER,gf070:naver,,
928,1202,51,스튜디오마법사,NAVER,ggaggung,,
928,1202,898,껴바,NAVER,gguba,,
926,1207,1328,동화욕실,NAVER,gh9031,,
927,1200,560,(주)강화명품,NAVER,ghbest,,
928,1202,81,빈스데코플로어,NAVER,ghghdkwp,,
926,964,200998,김작가의사진나라,NAVER,ghlwlsld,,
926,1207,201037,에이치엔씨,NAVER,ghssksek1,,
928,1184,201027,지아나플라워즈,NAVER,giannaflowers:naver,,
926,1207,200982,거울TV,NAVER,gift2627,,
927,1200,1271,원데이메디컬,NAVER,giftcola,,
927,1200,201038,주식회사지산로지스,NAVER,gisan031:naver,,
928,1184,914,후한의원,NAVER,gj0829,,
927,1200,1594,인투아이,NAVER,gjdlsdhr1,,
928,1184,914,광주고시학원,NAVER,gjgosi,,
928,1202,898,하이웹,NAVER,gkdldnpq1,,
928,1184,1548,제일CTECH,NAVER,gkfl1938,,
928,1202,806,판다대부,NAVER,gkgk7735,,
928,1202,1216,익수제약,NAVER,gkow888:naver,,
928,1184,914,한흥산업,NAVER,gksgmd,,
928,1202,898,한보월드,NAVER,gksqh88,,
928,1202,806,엘리시안강촌렌탈샵,NAVER,gksrudwn,,
928,1202,25,하수구클리닉,NAVER,gktnrn1,,
927,1200,1271,슈퍼맨아웃도어,NAVER,gkwjd5872,,
928,1184,914,후한의원,NAVER,gkwlgns1,,
928,1184,1274,글래드스튜디오,NAVER,gladstudio,,
928,1184,914,글로스컴,NAVER,gloscom,,
926,1207,200982,글루텐,NAVER,gluten,,
928,1184,1274,굿모닝팜,NAVER,gmf0523,,
928,1184,1274,가나한화물운송,NAVER,gmq1004,,
928,1202,51,주식회사 바우씨에프,NAVER,gobawoocf,,
928,1202,50,대출고고,NAVER,gogo9016,,
928,1202,938,고고비치서프,NAVER,gogobeach2go,,
928,1202,26,하트랙 골드퓨쳐,NAVER,gold-future:naver,,
928,1202,81,올리비움산후조리원,NAVER,goldenpalace,,
928,1202,1040,에임리치,NAVER,goldmoonft,,
928,1202,939,금성콘크리트산업,NAVER,goldstar7747,,
928,1202,50,곰보배추농장,NAVER,gombo56:naver,,
928,1202,1040,커넥츠프랩천안신부점,NAVER,gongdangi047:naver,,
928,1202,25,주식회사 크리에이티브 공존,NAVER,gongzone01,,
809,810,201032,녹동수산,NAVER,gony0211,,
927,1200,1530,좋은세상,NAVER,goodsesang,,
927,1200,551,GOODA,NAVER,goooda,,
1204,1205,201073,고래방앗간,NAVER,gorae_banga:naver,,
928,1202,50,코디유니폼,NAVER,gown1004,,
928,1202,898,헤이데이,NAVER,gpwls1203,,
927,1200,817,그래덕스,NAVER,graducks,,
928,1184,1274,국민행정심판,NAVER,greattao1,,
928,1202,25,그린묘목농원,NAVER,green12,,
928,1202,895,(주)삼익산업,NAVER,greenbay,,
928,1184,1274,(주) 녹십자,NAVER,greencross,,
928,1202,806,그린피플,NAVER,greenpeople,,
928,1184,1274,초록창호,NAVER,greenwin,,
928,1184,1274,주식회사그루터기,NAVER,grutugy827,,
928,1202,939,거성콘테이너,NAVER,gshousing,,
928,1202,895,GTE솔루션,NAVER,gte3690,,
928,1202,806,아쿠아마린글램핑,NAVER,guard727:naver,,
928,1202,25,짱아빠,NAVER,gueam:naver,,
927,1200,556,영광수산,NAVER,gulbisusan,,
928,1184,917,에듀플렉스구월점,NAVER,gweduplex,,
927,1200,1594,(주)가전월드,NAVER,gyo74:naver,,
927,1200,1530,(주)시슨드시,NAVER,h4h,,
928,1184,1548,나눔노트사,NAVER,hadabin092,,
928,1202,26,24시붙임머리전문점헤어캐슬,NAVER,haircastle,,
927,1200,57,콩타작 푸드마켓,NAVER,hakkch:naver,,
928,1202,938,홈파트너,NAVER,hamann,,
928,1184,201022,우성파이낸스,NAVER,han3581,,
809,980,200938,올레ktcctv가입센터,NAVER,hana40003:naver,,
928,1202,81,에스이워크,NAVER,hanamail11:naver,,
928,1184,1548,하나랙캐스터,NAVER,hanarack1095,,
926,1207,200980,에이치비주식회사,NAVER,hanarosb,,
928,1202,895,한바다,NAVER,hanbada,,
926,1207,201011,마산한백자동차운전전문학원,NAVER,hanbeakcar,,
928,1202,898,핸디즈,NAVER,handys,,
928,1202,898,한텍,NAVER,hanelecon,,
928,1202,929,한길창호,NAVER,hangil4204,,
928,1202,938,한길케어,NAVER,hangilcare,,
928,1202,50,한호수,NAVER,hanhosoo,,
928,1202,806,(주)이일코리아,NAVER,hanilm,,
927,1200,551,크레이지북,NAVER,hanjanhal1,,
928,1202,806,골든여행사,NAVER,hanjiechul12,,
928,1202,939,한주기계,NAVER,hanju888,,
928,1184,914,후한의원,NAVER,hanky000,,
927,1200,201038,한나앤마리,NAVER,hannanmary:naver,,
928,1202,939,한스마일,NAVER,hansmile,,
1204,1205,201073,한샘몰,NAVER,hanssem,,
926,964,1616,핸텀,NAVER,hantom,,
926,1207,1328,한트럭,NAVER,hantruck1,,
926,1207,1328,한트럭,NAVER,hantruck2,,
928,1202,895,한양벽돌,NAVER,hanyangbrick,,
927,1200,201038,행복정보통신주식회사,NAVER,happy04225,,
926,964,200998,해피고디자인,NAVER,happygo5969,,
926,964,200998,빌라다나와플러스,NAVER,happyhomes,,
928,1202,25,휴이온,NAVER,happytrigger,,
927,1200,1271,을지신한벽지,NAVER,har1125,,
928,1202,806,하푼,NAVER,harpoon911,,
927,1200,57,아우트로,NAVER,hatsplus,,
928,1202,806,프리토(브랜드리스),NAVER,haya15:naver,,
928,1202,939,현대기획 명찰나라,NAVER,hdkim5066,,
928,1184,9,(주)현대내츄럴,NAVER,hdnatural,,
928,1202,26,현대방음문,NAVER,hdsf7666,,
928,1202,933,현대요트주식회사,NAVER,hdyachts,,
928,1202,933,벌곡엔젤천연치료원교회,NAVER,healinghc,,
927,1200,1530,(주)아따맘,NAVER,heaven2080,,
928,1184,917,헤비스테이크,NAVER,heavysteak,,
928,1202,50,아가잼잼,NAVER,hee0987,,
928,1202,939,하놀,NAVER,heejunstyle1:naver,,
928,1202,25,헬리오스,NAVER,heliosscuba,,
928,1202,26,헬로웹,NAVER,helloweb1,,
928,1202,806,허브몰리,NAVER,herbmolly514,,
928,1202,806,허브라파,NAVER,herbrapa,,
928,1184,1274,HERITH(헤리스),NAVER,herit1010,,
928,1202,939,헤세드,NAVER,hesed931,,
928,1202,806,금샘플러스도어,NAVER,heshms,,
928,1202,26,휴안마토피아,NAVER,hewanma,,
926,1207,201037,헤이데이스튜디오,NAVER,heydaystudio,,
926,1207,1328,주식회사 헤이페이,NAVER,heypay,,
928,1202,1211,(주)홈그라운드,NAVER,hgd,,
928,1202,652,비우새,NAVER,hhj4500709:naver,,
928,1184,1274,경춘산업마대,NAVER,hhs2042,,
928,1184,201027,한누리파출부,NAVER,hhy701,,
928,1202,806,다빈치스타일,NAVER,hifist,,
928,1202,939,첨단인지학습센터,NAVER,highcog,,
927,1200,1496,미소잉크,NAVER,highend12,,
927,1200,1012,플로트,NAVER,hil11,,
928,1202,51,히람씨엠,NAVER,hiram04,,
928,1202,26,하이티,NAVER,hitee,,
928,1202,938,히트메이드,NAVER,hitmade,,
927,1200,201038,프라임유통,NAVER,hiun100404:naver,,
928,1184,914,형제금속,NAVER,hj167428,,
928,1202,50,(주)현주디앤피,NAVER,hjdnp,,
928,1184,917,현주건업,NAVER,hjglass,,
927,1200,201038,이레J,NAVER,hjkiem:naver,,
928,1184,914,한국열쇠,NAVER,hkkey,,
928,1202,251,광주패러글라이딩스쿨,NAVER,hl4gwe,,
928,1184,914,뉴질랜드마트,NAVER,hm_mk3,,
926,954,200999,트리플하이엠,NAVER,hm75,,
928,1202,25,메사캠핑,NAVER,hmhm223,,
928,1184,201004,희망공인중개사사무소,NAVER,hmland,,
928,1184,1548,휴먼스쿨,NAVER,hmsl3815,,
928,1202,1040,에이치엔메디,NAVER,hnmedi,,
809,810,201021,(주)호강종합물류,NAVER,hogangled22,,
927,1200,551,홈앤스쿨,NAVER,home1005,,
927,1200,930,주식회사홈시스,NAVER,homsys88,,
928,1202,81,바른유외과,NAVER,honestu,,
928,1202,26,홍반장이사,NAVER,hong242,,
928,1184,914,후한의원,NAVER,hoo_ad,,
928,1184,914,후한의원,NAVER,hoocheonan,,
928,1184,914,후한의원,NAVER,hooclinicps,,
928,1184,914,후한의원,NAVER,hoogumi,,
928,1184,914,후한의원,NAVER,hooilsan,,
928,1184,914,후한의원,NAVER,hoojj123,,
928,1184,914,후한의원,NAVER,hoonowon,,
927,1200,33,홈쿡에프앤비,NAVER,hoonydony:naver,,
928,935,2,주식회사 애드니즈컴퍼니,NAVER,hoopmall,,
928,1184,914,후한의원,NAVER,hoosillim,,
927,1200,551,슈즈시티,NAVER,howo2005:naver,,
928,1184,201027,(주)협신물산,NAVER,hs14210,,
927,1200,817,한성,NAVER,hsenergy,,
928,1202,929,경인창호,NAVER,hso5321,,
928,1202,25,한샘과학,NAVER,hssci,,
928,1202,26,휴먼테라피,NAVER,htherapy7,,
928,1202,933,동원프라자빌딩,NAVER,hu3753,,
928,1202,251,휴메카,NAVER,humecca,,
927,1200,1271,헝크,NAVER,hunk,,
1204,1205,201073,(주)휴온스푸디언스,NAVER,huonsnatural,,
927,1200,1530,큐브모아,NAVER,hvglobal,,
928,1202,898,툴팜코리아,NAVER,hwanhae,,
928,1202,806,휘카레,NAVER,hwicurry555:naver,,
928,1202,929,신성세이프,NAVER,hyo350,,
928,1202,81,에너피아,NAVER,hyoun59,,
928,1202,51,얼음아이스,NAVER,hyun63krkr,,
928,935,2,형제코리아,NAVER,hyungjaebio,,
928,1202,81,형성산업,NAVER,hyungsung,,
928,1202,25,브이아이피,NAVER,hyunsuk1209,,
928,1184,9,협진,NAVER,hyupjinear,,
928,1184,9,협진eng,NAVER,hyupjineng,,
928,1202,25,스타키보청기 경기광주전문점,NAVER,i944747,,
928,1184,1548,이안,NAVER,iaan2007:naver,,
928,1202,25,이안과학,NAVER,iaansci,,
928,935,2,주식회사 아이비엘,NAVER,ibeautylab,,
928,1184,201004,주식회사 아이씨비,NAVER,icbnear,,
928,1184,201029,이듬모드 주식회사,NAVER,ideummode,,
928,1202,939,동양특수비닐커텐,NAVER,idongyang,,
928,1202,895,(주) 에코원,NAVER,iecoone,,
927,1200,1496,에스엔케이,NAVER,ifriendgo:naver,,
1204,1205,201073,무튼,NAVER,ihair2,,
1204,1205,201073,아이헤어,NAVER,ihair92,,
928,1184,1548,일진팩(주),NAVER,ijpack2,,
928,1202,1040,오렌지욕실,NAVER,iklvt4,,
928,1184,9,일등테크,NAVER,ildeungt,,
928,1202,652,루미드,NAVER,illumid,,
928,1202,652,일우이앤티,NAVER,ilooent,,
926,1207,1328,일산팩,NAVER,ilsanpack,,
928,1184,917,아이엠문구,NAVER,im2492,,
928,1184,201027,이미지마리,NAVER,imgimg88,,
928,1184,1548,(주)쓰리에스정보통신,NAVER,inc,,
928,1202,26,전국종합기계,NAVER,indrobot,,
928,1184,917,(주)인포스,NAVER,info21c,,
928,1184,917,비드큐입찰정보,NAVER,infoans,,
928,1184,201004,인프라웨어,NAVER,infraware11:naver,,
928,1202,201009,스마트법률,NAVER,injung,,
928,1202,81,(주)고려수지침,NAVER,inpage,,
928,1202,938,인파이프,NAVER,inpipe,,
928,1202,806,인포스,NAVER,inpos0042,,
928,1202,81,인산가,NAVER,insanga9585,,
928,1202,929,대일컨설팅,NAVER,intbc,,
927,1200,1271,(주)세종인테리어필름,NAVER,interiorfilm,,
928,1202,251,인터랩코리아,NAVER,interlab,,
928,1184,917,인지카(주),NAVER,inzicar,,
928,1184,1274,카라이프,NAVER,iocom1472,,
928,1202,26,중소기업은행,NAVER,ionejob,,
928,1202,26,넥스텍,NAVER,ippi2,,
928,1184,1548,아이알캔(주),NAVER,irken,,
927,1200,551,이로홈,NAVER,irohome,,
809,810,201021,메이트,NAVER,isaac3231,,
926,1207,1328,위주,NAVER,iscompany01,,
926,1207,200982,화물나르미,NAVER,issac8770:naver,,
928,1184,914,후한의원,NAVER,isumedi,,
928,1202,26,제일상사,NAVER,isyou86,,
928,1184,1548,잇땅,NAVER,itddang,,
928,1184,914,한국아이티인재개발원,NAVER,ithaja,,
927,1200,1530,(주)에스아이티,NAVER,itssamsung:naver,,
928,1184,1274,아이유의원,NAVER,iuclinic,,
926,1207,200982,이음여성한의원,NAVER,iumomc,,
927,1200,560,(주)아이위즈커뮤니티,NAVER,iwizcom,,
927,1200,1012,진티앤,NAVER,iwon12,,
926,964,200998,우리안 송월타올,NAVER,iwoorian,,
926,1207,201011,현대렌탈케어큐밍 (현대렌탈몰),NAVER,j871105,,
928,1202,1040,우성코리아,NAVER,jackal5510,,
928,1184,1548,(주)잭키드,NAVER,jackid,,
928,1202,895,제이드피부비뇨기과,NAVER,jade833,,
928,1184,917,화성제일금은거래소,NAVER,jaeilgoldhs,,
928,1184,917,시흥제일금은거래소,NAVER,jaeilgoldsh,,
927,1200,33,해피호스텔,NAVER,jalabau,,
926,1207,201037,서울아이비에프여성의원,NAVER,jallmann,,
928,1202,50,도산정보,NAVER,jangbuja01:naver,,
928,1202,51,장헌법률사무소,NAVER,janghunlaw,,
927,1200,33,싱글레지던스,NAVER,jasingle,,
928,1202,933,포커스라인,NAVER,jayou111,,
926,964,200998,(주)제이웨이브,NAVER,jaywave1,,
928,1202,25,UNI 패키지,NAVER,jbgogo777,,
928,1202,81,엘석면환경,NAVER,jcnho,,
928,1184,1548,제이코스에이치엠,NAVER,jcoshm,,
927,1200,930,릴렉스코리아,NAVER,jdb2100,,
927,1200,930,제시카디자인,NAVER,jdg,,
928,1202,652,제비꽃,NAVER,jebiggot4,,
928,1184,917,리얼호주,NAVER,jedinsight20,,
926,1207,1328,제이스골드,NAVER,jeicegold,,
928,1202,933,지붕명가,NAVER,jeilroof50,,
928,1202,806,제주아라,NAVER,jejuara9191,,
928,1202,81,목원기업,NAVER,jejudrivite,,
928,1202,806,공육사(제주메이드),NAVER,jejumade064:naver,,
928,1202,898,제중한의원,NAVER,jejung,,
928,1202,26,제니스의원,NAVER,jenis1,,
928,1202,51,제니양품,NAVER,jennyy,,
928,1184,1274,엠오텍,NAVER,jeon03,,
928,1202,933,타우랑가,NAVER,jerrynuri,,
928,1184,1548,JFS인더스트리,NAVER,jfsindustry1,,
927,1200,1271,제이글로리,NAVER,jglory7225:naver,,
928,1202,938,주식회사 제이에이치글로벌컴퍼니,NAVER,jh_global,,
927,1200,930,부페마트,NAVER,jh6choi,,
928,1202,939,생물과학,NAVER,jhb0386,,
928,1202,895,대한병원컨설팅,NAVER,jhg5506,,
928,935,2,코스네이처,NAVER,jhjipapa,,
928,1202,1040,파인스토어,NAVER,jhjs1027,,
928,1184,1274,양산꽃차,NAVER,jhy1206105,,
928,1184,1274,대한마루,NAVER,ji319,,
927,1200,57,meant to be,NAVER,jihyeon527:naver,,
926,964,200998,굿모닝보청기 강동센터,NAVER,jiinne,,
927,1200,930,청소매니아,NAVER,jik7044,,
928,1202,898,징검다리,NAVER,jinggum106,,
928,1202,895,진한기계,NAVER,jinhangen:naver,,
928,1202,51,고운머리,NAVER,jiwon,,
928,1202,652,경동메탈,NAVER,jjbs,,
928,1184,917,(주)마사토산업개발,NAVER,jjh019060,,
928,1202,806,한라건기,NAVER,jjjj0424,,
926,1207,201037,에덴공예사,NAVER,jjjj9191,,
927,1200,551,제이제이오피스,NAVER,jjoffice,,
927,1200,1594,유달리,NAVER,jjoo79:naver,,
927,1200,1496,나야스타일,NAVER,jjun6210,,
928,1184,201004,대전중앙금거래소,NAVER,jkh1791,,
928,1184,1274,온누리전국화물,NAVER,jkoh1210,,
928,935,2,제이코퍼레이션,NAVER,jm7672,,
927,1200,551,(주)씨엘아이앤비컴퍼니,NAVER,jmjmhmo3,,
928,1202,938,알파에이사,NAVER,jmkorea1,,
927,1200,201038,정스 네일상회,NAVER,jnavy93,,
927,1200,930,핸프,NAVER,jnd_co:naver,,
927,1200,817,제이엔디,NAVER,jndshop77,,
928,1202,939,나라플라테크(주),NAVER,jnhwa,,
928,1202,1040,제이엔제이수족관,NAVER,jnjsujo,,
928,1184,917,주식회사 제이앤케이인사이트,NAVER,jnktrade18:naver,,
928,1202,939,원미어린이집,NAVER,johnlli,,
928,1202,1040,별이빛나는밤펜션,NAVER,joio6432,,
926,1207,201037,케이엠텍,NAVER,jollinda,,
928,1202,26,신파람붙임머리,NAVER,jongkyu1225:naver,,
927,1200,817,창성에어컨,NAVER,jongshin0501,,
926,1207,201011,이천현대중장비자동차정비학원,NAVER,jongsuk1207,,
928,1184,917,창업114,NAVER,jonwoo2002,,
927,1200,1012,한국아동요리지도자협회,NAVER,joo062911,,
928,1202,806,아이티나인,NAVER,joon7581:naver,,
928,1202,25,중앙국제결혼,NAVER,joongang2009,,
928,1184,1274,푸루빌,NAVER,joonhao,,
928,1202,898,손주영,NAVER,jooyoung0928,,
928,1184,917,천광종합설비,NAVER,josanghwi,,
928,1202,50,골프매니아,NAVER,joyful1275,,
928,1202,81,제이팩,NAVER,jpack,,
928,1202,939,우진메이킹,NAVER,js1313,,
928,1184,917,고속종합물류(주),NAVER,jscwoo,,
928,1202,25,포인트데코,NAVER,jsh123,,
928,1184,1274,아이스몬,NAVER,jsh34055,,
928,1184,201027,나지미돈부리,NAVER,jsh86332:naver,,
928,1202,26,무지개펜션,NAVER,jslee6702,,
928,1202,1040,제이에스미디어,NAVER,jsmedia,,
928,1202,251,제이솔루션,NAVER,jsolution12,,
928,1202,26,자스민테라피,NAVER,jtherapy7,,
928,1202,1040,모은디자인,NAVER,jtokill,,
928,1184,1274,주안장식,NAVER,juanjangsik,,
928,1202,51,백만퓨리스,NAVER,judi2340,,
928,1202,898,기프트천,NAVER,judie73,,
928,1202,81,미소크린,NAVER,7136-06-01,,
928,1202,25,최고자원,NAVER,junghoon1164,,
927,1200,33,sbs아카데미게임학원 박정욱,NAVER,jungwoogbag:naver,,
927,1200,33,(주)와이케이엠,NAVER,juvision,,
928,1202,806,휴대폰가게,NAVER,juyong0910,,
928,1184,9,정우건업,NAVER,jw0711,,
928,1202,51,벨톤보청기광명,NAVER,jwax,,
927,1200,1271,코리아크린업켐,NAVER,jyconsulting,,
926,1207,200982,JY로지스,NAVER,jylogis79:naver,,
928,1184,917,(주)진영프로토,NAVER,jyproto,,
928,1202,1040,운집컨테이너,NAVER,k1123,,
928,1202,898,조혜인,NAVER,k2bank,,
928,1202,933,호현컴퍼니,NAVER,k912_2089,,
927,1200,1594,고려아카데미컨설팅,NAVER,kacnet,,
927,1200,201038,성원보일러,NAVER,kangda9819,,
926,1207,201011,카플란싱가폴,NAVER,kaplansgkr,,
928,1184,917,성경시스템,NAVER,kasskorea,,
928,1184,9,(주)비즈제이,NAVER,kbjshop2012,,
809,810,1349,모구리식당,NAVER,kcredkc,,
928,1184,1274,한국무역통계진흥원,NAVER,kctdi,,
927,1200,33,피코,NAVER,kdb2002,,
928,1202,895,국도유리,NAVER,kdglass,,
927,1200,201038,(주)케이디글로벌,NAVER,kdglobal,,
928,1202,81,트래블인베트남,NAVER,kdive2002,,
928,1202,895,선진건기,NAVER,kdr717,,
928,1202,938,효창기계,NAVER,kds315,,
928,1202,929,케스코,NAVER,kesco,,
928,1202,806,큰숲,NAVER,keunsoop,,
928,1202,1040,한국생활지붕방수공사,NAVER,kfsysy99,,
928,1202,81,광주오동공예,NAVER,kg5050,,
928,1202,806,선개발,NAVER,kg710206,,
926,1207,201037,조이보이스튜디오,NAVER,khdigipro,,
928,1202,1040,남도식품,NAVER,khj4483,,
926,1207,1328,현대종합공사,NAVER,khm990,,
927,1200,1594,주식회사 쿠스포츠,NAVER,kht840622,,
927,1200,33,케이아이,NAVER,ki4490,,
928,1202,938,키다리아저씨몰,NAVER,kiain0907,,
928,1184,914,신라부동산,NAVER,kichuri999,,
928,1202,938,솔판넬,NAVER,kidongco2:naver,,
928,1202,806,키즈누리,NAVER,kidsnuri0055,,
926,964,200998,지입잡포커스,NAVER,kim07300,,
928,1202,939,재영컨테이너,NAVER,kim2019,,
928,1184,201004,대성종합설비,NAVER,kim5528,,
928,1184,1274,하림설비,NAVER,kimaz2,,
927,1200,817,빛고을김치,NAVER,kimchisarang,,
928,1202,938,제이디판넬,NAVER,kimgdom77,,
928,1202,50,정인스카이,NAVER,kimgood0909:naver,,
928,1184,1274,생극사,NAVER,kimiljung4,,
928,1184,917,청명렌트카,NAVER,kimjb,,
928,1202,898,황금파출,NAVER,kimki3063,,
928,1202,939,충청기획,NAVER,kimms2352,,
928,1184,9,김포삼화페인트,NAVER,kimposw,,
928,1202,1040,꼼지,NAVER,kimsrain,,
927,1200,1496,목원장작,NAVER,kine311:naver,,
928,1202,806,보은햇살팜,NAVER,kingofdate,,
927,1200,930,88번가,NAVER,kingsale88,,
928,1202,806,김종구부산어묵,NAVER,kjgfood,,
928,1184,917,한국스톤네트,NAVER,kjh1538,,
928,1202,251,부라더미싱,NAVER,kjh6422,,
927,1200,551,현대금속,NAVER,kjl9497,,
926,1207,200980,하이진홈케어,NAVER,kjn2013,,
928,1202,25,패션패션,NAVER,kjsk001472,,
928,1202,1040,우리강산,NAVER,kjt1648,,
927,1200,551,케이제이통상,NAVER,kjtongsang,,
928,1202,939,운수법인 서강물류,NAVER,kjw5051,,
927,1200,1012,주식회사아누리,NAVER,kk100403,,
928,1202,51,성산작명원,NAVER,kkm110,,
926,1207,200982,금강마이크로,NAVER,kkmicro,,
926,964,200998,미래상사,NAVER,kks4475,,
928,1202,201009,노무법인 태양,NAVER,km3933,,
928,1202,929,크린큐플러스,NAVER,kmeshop,,
926,1207,200982,제일항외과의원,NAVER,kmy0155:naver,,
928,1202,898,코아드,NAVER,koad7082,,
928,1202,898,코암관광호텔,NAVER,koamhotel,,
928,1184,914,후한의원,NAVER,kogurean1,,
927,1200,930,케이원정보기술,NAVER,koneinfo,,
928,1202,1040,에어릭스,NAVER,konnecthing,,
928,1202,26,사운드방음,NAVER,kook21,,
928,1202,938,쿨맨(KOOLMAN),NAVER,koolman,,
928,1202,51,올비투몰(다인누리),NAVER,koreadain,,
928,1184,1548,라페치과,NAVER,koreadc,,
927,1200,33,코렌주식회사(외삼촌상사),NAVER,koren5,,
928,1202,938,sk축광,NAVER,korlight,,
928,1202,933,엠엠그린푸드,NAVER,koyab0719,,
928,1202,51,한국심리상담센타,NAVER,kpcc7080,,
928,1202,251,천일한결포크 가양점,NAVER,kpd4004,,
928,1202,81,고려전기안전관리(주),NAVER,kr042504,,
926,1207,200980,진미산업,NAVER,krirc73815,,
928,1202,81,미래산업,NAVER,krm2545,,
928,1202,939,케이알티랩,NAVER,krtcokr,,
928,1202,898,날씬바디,NAVER,ks20713,,
928,1202,26,희망제화,NAVER,ksb8643,,
927,1200,551,시월드비젼,NAVER,kscam,,
926,1207,200982,LPSARANG,NAVER,kschoung,,
928,1184,914,제주777,NAVER,ksi0446,,
928,1184,9,한국스프레이시스템,NAVER,kss1992kr,,
928,1202,933,정강원,NAVER,ktfce04,,
928,935,2,K쇼핑,NAVER,kth_vodshop,,
928,1202,939,광성사,NAVER,kth10051,,
928,1202,898,(주)동원아이티,NAVER,kth7701,,
927,1200,1594,주식회사 킥더허들,NAVER,kthdhealth,,
928,1184,9,강토중공업,NAVER,ktjgu,,
928,1184,201027,춘천본점닭갈비,NAVER,kts1805,,
928,1202,81,랑금우리옷,NAVER,kujino,,
927,1200,1594,금보컴퍼니,NAVER,kumbocompany:naver,,
928,1184,1274,금강,NAVER,kumkang2000,,
928,1202,806,(주)금오디앤아이지점,NAVER,kumo2016,,
928,935,2,구몬,NAVER,kumon123,,
928,1202,895,(주) 해성기술,NAVER,kurukang,,
926,1207,200982,구씨공방,NAVER,kuspoon,,
926,1207,200982,주식회사 경원이엔지,NAVER,kw0049,,
928,1202,806,하영올레국수,NAVER,kwak2230:naver,,
928,1202,938,스머프중고차,NAVER,kwakouo,,
927,1200,1012,경은,NAVER,kwanml77,,
928,1202,1040,케이웨더,NAVER,kweather,,
927,1200,551,한국과학상사,NAVER,kwg2948,,
928,1202,652,국어울림학원,NAVER,kwoollim,,
928,1202,51,현대건업,NAVER,kww6132,,
928,1202,898,방카오,NAVER,ky890210:naver,,
928,1202,806,경원세기센추리,NAVER,kyc9189,,
928,935,2,(주)교원더오름,NAVER,kyowontheorm,,
928,1202,929,경인창호,NAVER,kywindow,,
926,1207,200980,에이펙스EMS스튜디오대구점,NAVER,l860923l:naver,,
928,1202,1211,우신라보타치,NAVER,labottach,,
926,1207,200980,라까사웍스,NAVER,lacasa_gm,,
926,1207,200980,라까사호텔,NAVER,lacasa527,,
927,1200,1271,레헬른,NAVER,lacheln,,
928,1184,917,한빛여성의원,NAVER,ladyhanvit,,
928,1202,933,라네띠,NAVER,lane0801,,
927,1200,930,라피스인터내셔널,NAVER,lapizstore,,
927,1200,930,라텍스코리아,NAVER,latexkorea,,
927,1200,1271,로라컴퍼니,NAVER,lauraclassy:naver,,
928,1202,51,법무법인대진,NAVER,lawfirmdaejin:naver,,
928,1202,51,법률사무소 대진,NAVER,lawntaxoffic,,
928,1202,1211,로앤어스,NAVER,lawnus,,
928,1202,26,나무갤러리,NAVER,lbh5730,,
928,1202,26,선민테크,NAVER,lbh6134,,
928,1184,1274,게걸무씨앗기름,NAVER,lck245,,
926,1207,201011,동우가스텍,NAVER,lcs1478,,
927,1200,1594,온오프,NAVER,ldh930301:naver,,
928,1184,914,(주)레디스,NAVER,leddis,,
809,810,201032,춘천산내들펜션,NAVER,lee2435559,,
928,1202,25,럭셔리 디자인,NAVER,leebboms,,
928,1202,51,에듀인쇄기획,NAVER,leebnbpop,,
928,1202,895,한양청소기,NAVER,leehobum85,,
928,1184,917,청담오라클피부과의원,NAVER,leeja486rr,,
928,1202,50,아침뜨락,NAVER,leejs9210,,
928,1184,1274,블랙버드샵,NAVER,leesangjun68,,
926,1207,200982,고물상닷컴,NAVER,leesbong3669,,
928,1202,939,사인보드,NAVER,leesubok75,,
928,1184,914,후한의원,NAVER,leipang24,,
926,1207,201011,리오홀딩스(저스트크래프트),NAVER,leoholdings:naver,,
928,1202,898,레로이머쉬러니,NAVER,leroiq12,,
928,1184,917,엘지토탈인테리어,NAVER,lgtotalid:naver,,
928,1184,1274,묭실,NAVER,lhc1105:naver,,
928,1202,1040,아트,NAVER,lhl1080:naver,,
928,1184,1274,넘버원게스트하우스,NAVER,lhs15,,
926,1207,201037,보스커피,NAVER,lianbeankn,,
928,1184,1548,럭키특수금속,NAVER,liebedoor,,
928,1202,26,대출나라,NAVER,lim51366,,
928,1202,26,정크레비즈,NAVER,lim513666,,
928,1202,26,정크레비즈,NAVER,lim5136666,,
928,1184,1274,바론속기사무소,NAVER,limeh06588,,
928,1184,1548,데코랜드,NAVER,limsungil196,,
928,1184,201047,압구정탑라인,NAVER,line1675,,
928,1202,938,라인스포츠,NAVER,linebelt,,
928,1184,1548,라인플러스,NAVER,linepluscosmetics:naver,,
927,1200,930,리빙잇,NAVER,livingit,,
928,1184,201027,이정아,NAVER,lja5406,,
927,1200,201038,(주)이엘,NAVER,ljm374:naver,,
928,1202,251,진영건축,NAVER,lkj2916,,
928,1202,1040,라움오토케어,NAVER,lkm09252,,
928,1202,81,을지상사,NAVER,lks2821,,
927,1200,1594,마이문구,NAVER,lmgni04,,
928,1202,25,물류청소나라,NAVER,logclean,,
927,1200,930,로하스블라인드,NAVER,lohas_blind,,
928,1202,1040,롱차이나중국어,NAVER,longchina,,
927,1200,1594,9059구경오구,NAVER,lookaround9059:naver,,
809,810,201021,루게릿,NAVER,lookatitok,,
928,935,2,우리홈쇼핑,NAVER,lotteimall,,
928,935,2,우리홈쇼핑,NAVER,lotteimall2,,
928,935,2,우리홈쇼핑,NAVER,lottesports1,,
928,1184,1274,롯데슈퍼,NAVER,lottesuper,,
928,1202,895,행운컴퍼니,NAVER,lottoone,,
928,1202,1040,라라스타일,NAVER,lovemell,,
928,1184,914,더조은날,NAVER,lowen3,,
928,1202,806,레이디스룸,NAVER,lr84,,
927,1200,33,KT소렘,NAVER,lsh1987,,
927,1200,556,라리리마켓,NAVER,lucky6639:naver,,
927,1200,1496,럭키부다,NAVER,luckybuddha:naver,,
928,1184,917,고우트로피,NAVER,lululu25,,
928,1202,938,(주)명품클리닉 투엘,NAVER,luxkeeper,,
928,1184,9,이원기전,NAVER,lwelec,,
928,1202,806,정현소프트,NAVER,macgai7,,
928,1202,806,주안몰(동양매직),NAVER,magicsg0,,
928,1202,895,화이트크린,NAVER,mahila,,
928,1184,914,메이커프렌즈,NAVER,makers79,,
926,954,200999,디지털플래닝,NAVER,malldeview,,
928,1184,201004,망고모임공간,NAVER,mangospace,,
928,1202,939,산호황칠나무농원,NAVER,manhee3004:naver,,
928,1202,895,강산,NAVER,maria870,,
928,1202,898,마켓에스,NAVER,markets7:naver,,
928,1202,938,마리아의집,NAVER,mary194,,
926,964,1616,아름다운삶,NAVER,matrixwakeup,,
927,1200,1012,우리매트,NAVER,matwoori,,
928,1202,81,마음나무심리상담센터,NAVER,maumnamu,,
928,1184,9,박언휘종합내과,NAVER,mbcdoctor,,
928,1202,1211,진짜배기순천만함초,NAVER,mbk2920,,
928,1184,1274,한국나일론,NAVER,mcnylon,,
928,1184,9,명덕건설,NAVER,mduk2635,,
928,1202,898,주식회사 엠이씨인터네셔날,NAVER,mec97:naver,,
927,1200,556,다비스,NAVER,mecks0819:naver,,
928,1202,81,메디캣,NAVER,medicats,,
928,1202,939,메디메카,NAVER,medimecca,,
927,1200,57,주식회사 대한의료기,NAVER,meditree12,,
927,1200,33,디오빈스,NAVER,medizero:naver,,
926,1207,200982,엠엔이,NAVER,meetyeo,,
928,1184,201004,다이렉트웨딩,NAVER,meharoad,,
928,1202,938,(주)모먼트디자인,NAVER,memorypop,,
928,1184,914,후한의원,NAVER,metanetmcc,,
927,1200,1594,제주양고기,NAVER,metaphor,,
928,1184,201004,시공플러스,NAVER,midamhi:naver,,
928,1184,201004,미엘르의원,NAVER,mielle3,,
928,1202,26,보샵,NAVER,mihwa9681,,
928,1202,1216,유심닥터,NAVER,mikamika11,,
928,1202,81,이엠팜,NAVER,millesia,,
928,1184,9,밀링산업,NAVER,millingind,,
928,1184,1274,마인드아크릴,NAVER,mindac,,
927,1200,1012,퍼난,NAVER,minewonta:naver,,
927,1200,33,로지니스,NAVER,minikiland:naver,,
928,1202,251,nse민간조사,NAVER,minjun2290:naver,,
928,1184,201022,(주)민트소프트앤솔루션,NAVER,mintsng2022:naver,,
928,1202,25,명진씨앤피,NAVER,miodio,,
928,1184,201004,미풀,NAVER,mipull,,
928,1202,939,미래산업,NAVER,mirae434,,
928,1202,1040,미래식품기계,NAVER,mirae73,,
928,1184,917,미르ENG,NAVER,mireng2013,,
928,1184,914,미스코스,NAVER,miskos,,
928,1202,81,미소크린업,NAVER,miso_cu,,
927,1200,33,디오빈스,NAVER,misunglove2,,
927,1200,1012,(주)티앤아이,NAVER,miznel2008,,
928,1202,81,제이엔에스엔터테인먼트,NAVER,mj950627:naver,,
928,1184,1548,아이비퓨전댄스,NAVER,mjbelly,,
927,1200,1012,엠코리아(헤이가),NAVER,mkoreamall:naver,,
928,1202,251,주식회사엠멤버쉽,NAVER,mmembersweep,,
928,1202,898,모비두,NAVER,mobidoo,,
928,1202,898,모바일투어,NAVER,mobiletour,,
928,1202,898,엠플러스,NAVER,mobyscomfort,,
928,1202,933,모컨스,NAVER,mocons,,
928,1184,1274,방향제,NAVER,mode17,,
928,1184,1548,네이버하비코리아,NAVER,modelsale,,
928,1202,938,모던마크라메,NAVER,modernmacrame:naver,,
928,1184,917,모앤스컨설팅,NAVER,moens2018,,
928,1202,933,목수코리아(인력),NAVER,moksoo1,,
928,1202,939,마음자리,NAVER,momjari1_,,
927,1200,33,레드온탑,NAVER,moms-cookingbox:naver,,
928,1184,1274,몬드리안호텔,NAVER,mondrianseoulitaewon:naver,,
926,1207,201011,모니터리,NAVER,monitorlee,,
928,1184,1274,한톨,NAVER,moonsr68,,
928,1202,895,(주)모스타,NAVER,mostar,,
928,1202,895,(주)모스타,NAVER,mostar1212,,
928,1202,939,엠피솔루션주식회사,NAVER,mps4981:naver,,
927,1200,57,자미와,NAVER,mr3jjang,,
928,1184,201027,미령환경개발,NAVER,mred6462,,
927,1200,1594,미래조명,NAVER,mrlighting1,,
1204,1205,201073,(주)미스터멘션,NAVER,mrmention,,
928,1184,914,대영인력,NAVER,msdr66,,
928,1202,933,왕산예림펜션,NAVER,msh0819,,
928,1202,939,레이디유로비뇨기과의원,NAVER,msy,,
927,1200,57,오투메디케어,NAVER,msy041555,,
928,1202,26,마린테라피,NAVER,mtherapy7,,
928,1202,898,엠트레이더스,NAVER,mtraders,,
927,1200,1594,먹보야,NAVER,mugboya16:naver,,
928,1202,25,디마트(신비아이),NAVER,muka0000,,
928,1184,1274,문건축사사무소,NAVER,munarchi124,,
928,1202,1211,승앤장,NAVER,munseo,,
928,1184,201004,제일나염,NAVER,mutu,,
928,1184,914,엠와이컴퍼니,NAVER,mycompany9818:naver,,
928,1202,652,내사랑꾸나,NAVER,mygguna,,
927,1200,930,마이하임,NAVER,myheim1203,,
928,1184,1274,유레일트래블,NAVER,myoll,,
928,1202,806,제주 원두막,NAVER,mypartyboy00:naver,,
928,1184,1274,명인설비,NAVER,myungin0404,,
928,1202,26,투앤원결혼정보회사,NAVER,myuzkorea,,
927,1200,33,나우기획,NAVER,n4244,,
928,1202,251,나비나무,NAVER,nabinamucat,,
928,1202,898,오가닉트리,NAVER,namuhncare:naver,,
928,1184,1548,지리산인월택시,NAVER,namwon_taxi,,
928,1202,938,지엠큐비클,NAVER,nanocu,,
928,1202,26,나누미펜션,NAVER,nanumi9996,,
928,1184,1274,주식회사 나라코퍼레이션,NAVER,nara11,,
927,1200,556,네이처코퍼,NAVER,naturecopper:naver,,
928,1184,917,더네이처산부인과의원,NAVER,natureobgy,,
928,1202,51,나우리 법률사무소,NAVER,nauryart,,
928,1202,51,나우리 법률사무소,NAVER,naurylaw1004,,
927,1200,201038,유써블(youthable),NAVER,nayaajo:naver,,
928,1202,806,더스트헌터,NAVER,ncr0331,,
928,1202,939,아동권리보장원,NAVER,ncrc2021,,
928,1184,1548,온누리화물운송,NAVER,ncy60,,
928,1202,51,에듀인쇄기획,NAVER,ndyes,,
928,1202,938,네오블라인드,NAVER,neoblind,,
928,1202,26,네오포커스,NAVER,neofocus14,,
928,1202,1216,대성상사,NAVER,new300wins,,
928,1202,25,뉴젠사우나,NAVER,newgensauna,,
928,1202,81,후이커뮤니케이션,NAVER,newk2s,,
927,1200,1271,넥스니즈,NAVER,nexniz1:naver,,
809,810,201021,주식회사넥소,NAVER,nexsoshop,,
928,1184,201027,임실치즈농협,NAVER,nh178961,,
928,1202,895,다원뷰티아카데미,NAVER,nhj981124:naver,,
928,1202,939,능인향당,NAVER,nihwa,,
928,1202,26,비니슈,NAVER,nina1207,,
928,1202,806,프리미엄나인,NAVER,nix0728:naver,,
926,1207,200982,NNC디자인,NAVER,nncdesign,,
927,1200,551,주식회사엔글로벌,NAVER,no-day:naver,,
927,1200,1271,허니스트,NAVER,nobleskin1,,
928,1184,914,NOCHE,NAVER,nochearchive:naver,,
928,1202,26,누리몰,NAVER,noori2502,,
928,1184,1548,노른자컴패니(황실),NAVER,nornza1212,,
928,1202,1216,노타,NAVER,notaoffizial,,
927,1200,566,아주정보,NAVER,note4you,,
928,1202,939,라이트하우스,NAVER,notehouse,,
927,1200,817,비데피아,NAVER,novita016,,
927,1200,817,(주)비데피아,NAVER,novitamall,,
928,1202,938,백운유통,NAVER,nplus_dolls,,
928,1202,1040,남송이스피치면접학원,NAVER,nsispeech:naver,,
928,1202,938,삼성파출부,NAVER,nsjun2000,,
928,1184,1274,오빨리하나,NAVER,nsy1004,,
928,1184,914,사계절수제 현미누룽지,NAVER,nu2216:naver,,
928,1184,9,늘푸른산부인과,NAVER,nulpr,,
928,1202,51,포대아스콘의 메카 낙원아스콘,NAVER,nw8272,,
928,1202,81,남양타일,NAVER,nyblock,,
928,1202,895,뉴욕스토리,NAVER,nystory28,,
928,1184,1548,가야전기조명,NAVER,o112152606,,
928,1202,1211,다미횟집,NAVER,oa990003,,
928,1202,933,태양마린,NAVER,obc3331,,
928,1184,201004,21line,NAVER,obid,,
928,1202,895,(주)오카메이코리아,NAVER,obiwood,,
928,966,1659,OCO,NAVER,ocokorea,,
927,1200,551,플러스생활,NAVER,octcys,,
928,1202,938,디젠트,NAVER,oddys79,,
928,1202,81,(주)오디피,NAVER,odp11518,,
928,1202,81,(주)오디피,NAVER,odp4955,,
927,1200,1496,오피스앤홈,NAVER,officehome,,
928,1202,81,오피스피아,NAVER,officepia,,
928,1184,914,후한의원,NAVER,ohdong73,,
928,1202,933,크린토피아 문정 엠스테이트점,NAVER,ohyes600,,
928,1202,1211,토바펜션,NAVER,ojinger77,,
928,1184,201027,경동오토,NAVER,ojm7002,,
927,1200,817,오주,NAVER,ojuoju,,
809,810,201021,아썸상사,NAVER,ojw3229:naver,,
928,1202,895,폐기물오케이,NAVER,okcompany01,,
926,1207,200982,오케이진열장,NAVER,okshowcase,,
928,1202,50,올림피아코리아주식회사,NAVER,olympiausa,,
926,1207,200982,오만물,NAVER,omanmul,,
927,1200,33,다이아에그,NAVER,omg_diaegg:naver,,
928,1202,1216,온유어짐,NAVER,ongym1115:naver,,
928,1202,939,ELECSKOREA 일렉스코리아,NAVER,only069191,,
928,1202,26,가르미,NAVER,ono88p:naver,,
928,1202,806,금양산업,NAVER,onplus_kyang,,
928,1202,652,먹보소고기국밥,NAVER,oooym:naver,,
928,1184,1548,금IT전당포대부,NAVER,oopp4567,,
928,1202,652,루노,NAVER,opara,,
926,1207,200982,셀러메이커,NAVER,openminding,,
928,1184,917,오라클피부임상시험센터,NAVER,oracle-center:naver,,
928,1184,917,오라클기획,NAVER,oracle3516,,
928,1184,917,오라클랜드(주),NAVER,oracleclinic,,
928,1184,917,오라클피부과의원,NAVER,oracleland,,
809,810,201032,JST솔루션,NAVER,orange1066,,
928,1202,939,서울예쁜이치과,NAVER,orthohan,,
928,1202,652,하늘숲 펜션,NAVER,oso582,,
928,1202,895,시온시큐리티,NAVER,osskoreaing,,
928,1202,933,오성보틀링,NAVER,osung,,
928,1202,26,동성아이앤씨,NAVER,otoo,,
928,1202,25,한국알파항공,NAVER,ourdiffuser,,
927,1200,817,(주)산내들농원,NAVER,page45:naver,,
927,1200,1012,(주)와이컬렉션,NAVER,palap,,
928,1184,917,청목단식원,NAVER,panky51,,
927,1200,201038,종이장터,NAVER,papersupply,,
927,1200,551,쌈지네,NAVER,paran1237:naver,,
928,1202,806,프라제르,NAVER,parkch_no22:naver,,
927,1200,930,블라인드나라,NAVER,parkeun1004,,
928,1202,939,(주)휴먼비투비/휴먼이엔씨,NAVER,partner21,,
928,935,2,주식회사 아이비엘,NAVER,partysale,,
809,810,1349,주식회사 아이비엘,NAVER,partysale0,,
927,1200,566,윤상철그리포란,NAVER,pbunyun:naver,,
809,810,1349,조엔,NAVER,peepershop,,
928,1202,933,펄슨텔,NAVER,persontel,,
928,1184,1548,페타미디어,NAVER,petamall:naver,,
928,1184,917,왈펫,NAVER,petpublic1,,
928,1202,251,피지텍코리아,NAVER,pgtk22,,
928,1202,898,주식회사잡스,NAVER,pharmcle,,
928,1202,895,필상생명과학(주),NAVER,philsanglifescience:naver,,
927,1200,1012,포이베,NAVER,phoebe5665,,
928,1184,1274,피닉스테크닉스,NAVER,phoenixkb,,
928,960,1632,엠에이치텔레콤,NAVER,phone2yo_1,,
928,1202,25,프레버,NAVER,photong21,,
927,1200,33,대진상사,NAVER,phy0929a,,
928,1202,1040,프라코인터내셔날,NAVER,pi2010,,
927,1200,33,대한특수경호대,NAVER,pia707,,
928,1184,914,핀팩토리,NAVER,pinfactory,,
928,1202,806,디돌,NAVER,pip2015,,
928,1202,51,동인철학원,NAVER,pjc8357,,
927,1200,817,다옴,NAVER,playmom,,
928,1202,898,(주)정한,NAVER,pmjh57,,
928,1202,939,우진피엔비,NAVER,pnbbook,,
928,1202,25,태성종합철거,NAVER,po12zx23,,
927,1200,551,J트레이드샵,NAVER,poikl816,,
928,1184,1274,삼호방재,NAVER,poong7000,,
928,1202,251,보따리,NAVER,popo151151:naver,,
928,1202,50,뽀르띠,NAVER,porti0701,,
928,1202,50,뽀르띠,NAVER,porti0702,,
928,1202,50,뽀르띠,NAVER,portibujeok,,
928,1202,50,뽀르띠,NAVER,portigold,,
928,1202,50,뽀르띠,NAVER,portisilver,,
926,964,200998,포스온,NAVER,poson_mall,,
928,1184,9,세계전자,NAVER,powercord,,
926,964,200998,비움,NAVER,ppuri,,
926,964,1616,튼튼영어 서초지점,NAVER,pss5021,,
928,1184,914,속초라마다호텔,NAVER,pswkiller,,
928,1202,1216,브라보퍼블릭스크린골프,NAVER,publicgolf,,
928,935,2,풀무원,NAVER,pulmuone02,,
928,1184,1274,삼촌네펜션,NAVER,pumpkyung,,
928,1184,917,푸르메재단,NAVER,purme,,
928,1184,1274,한덕공인중개사,NAVER,pwj238,,
928,1184,9,풍원산업기계,NAVER,pwon11,,
928,1184,917,해피애견타운,NAVER,pyk770124:naver,,
928,1202,25,CHP Trading,NAVER,pyris,,
927,1200,201038,레인보우코리아,NAVER,pysbmk1:naver,,
928,1202,26,올리브 반찬배달,NAVER,qawe3320,,
928,1202,50,세렝게티,NAVER,qkrtnswk2990,,
927,1200,817,시즌포몰,NAVER,qlskdlek1,,
928,1202,933,부산지방화물,NAVER,qntkswlqkdgh,,
926,964,1616,금빛강화도어,NAVER,qownrud02,,
928,1202,806,리더스도매,NAVER,qq3434qq,,
928,1202,251,퀸텀테크,NAVER,quantumtech-korea:naver,,
928,1202,806,법인보험대리점,NAVER,quo318,,
928,1202,81,마이쿠츠,NAVER,ragiimma,,
928,1184,914,후한의원,NAVER,raille,,
926,1207,201037,주식회사 레인보우로보틱스,NAVER,rainbowtec11:naver,,
927,1200,930,타일론코리아,NAVER,rainman117:naver,,
928,1202,939,현대세이프티,NAVER,ran7714,,
926,964,200998,블루베리 아웃핏,NAVER,raya1400,,
927,1200,817,장화도매,NAVER,rboots,,
928,1202,806,벤자민아카데미아,NAVER,rbpr7788,,
926,1207,200982,(주)투어마케팅코리아,NAVER,rccl,,
928,1202,26,리얼스튜디오,NAVER,realstudio14,,
928,1202,1211,신가람공인중개사사무소,NAVER,realtorsgr,,
928,1202,1211,신가람공인중개사사무소,NAVER,realtorsjh,,
928,1202,929,법무법인 해송,NAVER,realty1,,
926,1207,200982,유로바스디자인,NAVER,redfox2585:naver,,
928,1202,51,고운머리,NAVER,remyshop,,
928,1202,938,이오름닷컴,NAVER,rendesk1020,,
928,1202,652,팩토리아울렛,NAVER,renoma2716,,
928,1202,26,이삭렌터카,NAVER,rent23,,
928,1184,201027,스마트오토카,NAVER,rentcar7253:naver,,
928,1202,51,한국법무평생교육원,NAVER,revyys,,
928,1202,806,쇠소깍카약,NAVER,rhwhdfla1619:naver,,
928,1202,26,경인운수,NAVER,riddlsdnstn,,
928,1202,81,린나이 인천영업소,NAVER,rinnai7000,,
928,1184,917,엑스워,NAVER,ris6644,,
928,1184,1274,솔밭골펜션 최은영,NAVER,rkdkfl463,,
928,1202,939,뱀사골토종꿀,NAVER,rkwk59,,
928,1184,1274,가자실내낚시터,NAVER,rkwktngh123,,
809,810,201021,청은종이컵,NAVER,rla3830:naver,,
928,1184,9,케이앤피,NAVER,rlaehddls,,
927,1200,930,빨강전자,NAVER,rlaghtjd777:naver,,
928,1184,1548,대림열산업,NAVER,rlagodnr,,
928,1202,898,리베르떼,NAVER,rlatnscns,,
928,1202,26,청년도시가스,NAVER,rlawnals5481,,
928,1184,914,새한컨테이너,NAVER,rmafmd101,,
926,1207,1328,알엔케어,NAVER,rngj07,,
928,1202,895,신우환경엔지니어링(주),NAVER,rnrudghks,,
926,1207,200982,(주)로보티즈,NAVER,robotispr,,
928,1202,929,락포트코리아,NAVER,rockportecom:naver,,
927,1200,1530,로호,NAVER,roho0012:naver,,
928,1184,201027,로이디자인,NAVER,roidesign,,
926,1207,200982,대양롤랜트,NAVER,rollent,,
928,1202,1040,펜다,NAVER,rope1900,,
928,1202,933,비아베뉴헤어살롱,NAVER,rose2213:naver,,
928,1202,806,아이티샵,NAVER,rrladnjsgh,,
928,1202,939,덕산종합관리,NAVER,rsm0625:naver,,
928,1202,939,덕산종합관리,NAVER,rsm08416,,
928,1202,806,루아흐,NAVER,ruachcw,,
927,1200,556,팜투테이블24,NAVER,ruby9051,,
928,1202,938,와이엠몰,NAVER,runnershigh,,
926,964,200998,예주건축디자인,NAVER,rys4004,,
927,1200,551,꼬마풍뎅이,NAVER,s28302,,
928,1184,914,블랙홀댄스스포츠학원,NAVER,sabusong,,
928,1202,251,오행생식,NAVER,sada73,,
928,1184,201027,윤성사,NAVER,sadak5,,
926,1207,200982,아이티스타일,NAVER,sadmyth7:naver,,
928,1202,898,세광트레이딩,NAVER,saekwang,,
928,1184,1548,세이프모터스,NAVER,safemotors,,
928,935,2,주식회사 쎄이프리,NAVER,safere,,
926,1207,201037,스태프사계 시스템,NAVER,sagyezzang,,
928,1202,1211,사조씨푸드,NAVER,sajoseafood2020:naver,,
928,1184,914,무지개너머,NAVER,saki3003,,
928,1202,25,샐러디,NAVER,saladykorea,,
927,1200,817,살래미디어마켓,NAVER,salaemarket,,
927,1200,57,살코치,NAVER,salcoach,,
928,1202,1040,6형제소금밭장터,NAVER,saltmall,,
928,1202,50,에너지삼천,NAVER,sam00925,,
927,1200,817,제주삼다수,NAVER,samdasu,,
928,1184,9,삼호에스엔씨,NAVER,samhopr,,
928,1184,9,삼화산업,NAVER,samhwa12,,
928,1202,25,삼익인테리어,NAVER,samik,,
926,1207,200980,명학역전당포,NAVER,saminsan11,,
928,1202,938,삼경도어,NAVER,samkyungpol,,
928,1184,201027,삼원기획,NAVER,samonpr,,
928,1184,201004,우리들크린,NAVER,sanakclub,,
928,1202,251,상아시스템,NAVER,sangasystem,,
928,1184,9,스노우파크,NAVER,sangwon11,,
928,1202,81,산수갑산펜션,NAVER,sansukapsan,,
928,1202,51,사포킹,NAVER,sapoking,,
927,1200,930,위즈플랫,NAVER,sarotech1,,
926,1207,200982,사세 서울지점,NAVER,sasetrd:naver,,
928,1202,26,서빈농원,NAVER,sb0907,,
928,1202,25,에스비컨버전스,NAVER,sbcarstory,,
927,1200,1271,소백스토어 주식회사,NAVER,sbhongsam:naver,,
928,1202,929,쇼핑백나라,NAVER,sblee6606,,
928,1202,895,나누리자원,NAVER,sbt0948jtt,,
928,1184,1274,순천시문화도시,NAVER,sc_culture,,
926,964,1616,와이덱스 보청기,NAVER,schearing,,
928,1202,933,엠피온,NAVER,scommtech,,
928,1202,25,휴이온,NAVER,sdfgarmin,,
927,1200,551,산들약초,NAVER,sdhanyak:naver,,
928,1202,895,토탈건축설비,NAVER,sdj_2010,,
928,1184,1274,크로스몰,NAVER,sdtelec,,
928,1184,201027,상동연세요양원,NAVER,sdys0105,,
928,1184,1548,세종데이터복구 새롬아이티,NAVER,sea3435,,
928,1202,939,하나씰텍,NAVER,sealer77,,
928,1202,898,모아앤샵,NAVER,sealikelove,,
928,1202,1040,해맑은푸드,NAVER,seapure,,
928,1184,1274,햇빛어르신주간보호센터,NAVER,sedcc:naver,,
928,1202,806,파티포유,NAVER,seesee02,,
928,1184,914,세진금속,NAVER,sejinlift123,,
928,1202,938,세종비닐포장,NAVER,sejongvinyl,,
928,1202,51,광주셀프스튜디오291,NAVER,self291,,
927,1200,566,숲밑에 농원,NAVER,sengju1937,,
927,1200,566,전국화물공영,NAVER,seobw77:naver,,
928,1202,81,(주)서도금속,NAVER,seod,,
928,1202,51,brm연구소,NAVER,seodukq,,
928,1184,9,서해자동차,NAVER,seohaecar,,
928,1202,939,석계악기수리점(피아노4989),NAVER,seokgye56,,
928,1202,939,석예,NAVER,seokye01,,
928,1184,201022,골든비치리조트,NAVER,seolhaeone2:naver,,
928,1202,938,태우인테리어,NAVER,seonghwan87,,
928,1184,1274,서울카페레스토랑,NAVER,seoulcafe,,
928,1202,898,조이펀,NAVER,seoultrust,,
928,1184,9,분쇄장비,NAVER,seracomtec,,
928,1202,938,세텍스,NAVER,setx,,
928,1202,938,캐인파인고시원,NAVER,seungpyowon,,
928,1202,1216,세븐포인트원,NAVER,sevenptone,,
928,1202,251,헬퍼119,NAVER,sexyboy1108:naver,,
928,1202,201009,섹시우,NAVER,sexywoo,,
928,1202,25,서강건업,NAVER,sg123,,
927,1200,1012,세기상사,NAVER,sg1285,,
928,935,2,에스지오,NAVER,sgoceo,,
928,1202,939,신한,NAVER,sh2658843,,
928,1202,898,인터파크홈스토리산후마포지사,NAVER,sh6130,,
928,1202,806,청산수목원,NAVER,shc2288:naver,,
928,1202,81,삼화금형,NAVER,shc9023,,
927,1200,1271,시트닷컴,NAVER,sheetcom,,
927,1200,1271,시트연구소,NAVER,sheetlab,,
928,1202,938,쉬즈힐,NAVER,sheheel,,
926,1207,1328,오이시이일본어학원,NAVER,shguddn74,,
928,1202,1211,다후,NAVER,shhong03,,
928,1202,895,신한웨딩홀부페,NAVER,shinhan17,,
928,1202,652,(주)위위트,NAVER,shinjun2001,,
928,935,2,몰리스펫샵,NAVER,shinsegae7,,
1204,1205,201073,주식회사 더샤이니,NAVER,shinytravels,,
928,1184,9,신호주회무세계사,NAVER,shjtax,,
928,1184,9,삼흥,NAVER,shmesh,,
928,1202,1216,슈즈드블랑,NAVER,shoesdeblanc,,
927,1200,930,쇼마젠시,NAVER,shomagen:naver,,
928,1184,9,신일브러쉬,NAVER,sibrush,,
928,1202,933,신유로전기공사,NAVER,sihwaper,,
928,1184,9,(주)케이에스아이,NAVER,silwh,,
928,1202,939,나누리행정사무소,NAVER,simpan911,,
928,1202,806,문화사무기_신도,NAVER,sin6828,,
928,1202,81,(주)하나이엔씨,NAVER,sin830,,
928,1202,806,신도리코아산,NAVER,sindoh7141,,
928,1202,939,(주)신익,NAVER,sinix,,
928,1184,9,신진정밀,NAVER,sinj234,,
926,1207,200982,함박웃음치과,NAVER,sinsky1321,,
928,1202,50,신조,NAVER,sinzo,,
928,1202,251,주식회사 시온,NAVER,sionhome4834,,
928,1202,51,마스터프렙,NAVER,sir0824,,
926,1207,1328,시리행정사사무소,NAVER,siriyajang,,
928,1202,1040,의정부시사어학원,NAVER,sisa_ejb,,
927,1200,566,유인필라테스스튜디오,NAVER,sj0271,,
928,1184,9,선진엔지니어링,NAVER,sj3060,,
928,1202,25,세종다발관,NAVER,sjc0570,,
928,1184,9,세종산업안전공사,NAVER,sjsafety,,
928,1184,1548,(주)셀파코리아,NAVER,sjselpa,,
928,1202,938,신세계방수,NAVER,sjsgus92,,
928,1202,201009,AI산재,NAVER,sjsj5785,,
926,1207,201071,세진티타늄,NAVER,sjtit,,
928,1202,939,한국수축wr3943/쉬링크sk3943,NAVER,sk3943,,
927,1200,556,(주)서경닷컴,NAVER,skdc007,,
928,1202,51,나연메디칼,NAVER,skdusdkqk,,
928,1184,1548,스킨렉스코리아,NAVER,skinrexkorea_e:naver,,
928,1202,50,성균관대학교,NAVER,skkuadmin,,
928,1202,806,윈드1947,NAVER,sklec:naver,,
928,1202,933,VIP대리운전,NAVER,skqmsuwk:naver,,
928,1202,939,대신전기조명,NAVER,sks674377,,
928,1184,1548,하늘보라,NAVER,sky3667,,
928,1184,1274,부산원룸이사몰,NAVER,sky74819,,
927,1200,551,SKYFESTIVAL,NAVER,skyfes1,,
927,1200,551,주식회사 지담,NAVER,skyfestival,,
928,1202,939,스카이비바,NAVER,skyviva,,
928,1184,917,서울수면센터,NAVER,sleepcenter,,
926,1207,200982,(주)에스엠천사,NAVER,sm1004,,
928,1184,917,카메이크업,NAVER,sm3379,,
927,1200,560,(주)스마트캐스트,NAVER,smartkds79,,
928,1184,1274,에이치앤에스,NAVER,smartx,,
927,1200,1271,숭문서점,NAVER,smbook,,
927,1200,1271,숭문문고,NAVER,smbook92:naver,,
928,1184,9,스마일피부비뇨기과,NAVER,smile77,,
928,1202,201009,노무법인소망,NAVER,smsanjae:naver,,
926,1207,200982,스웨이하우스,NAVER,smsh111,,
928,1202,26,SM철강(에스엠스틸),NAVER,smsteel,,
928,1202,26,새마을칼라강판,NAVER,smu0945,,
928,1184,1274,루시드,NAVER,snapj,,
928,1202,938,소담욕실,NAVER,sodambath,,
926,1207,200982,조현난청연구소 벨톤보청기,NAVER,sodamha,,
926,1207,200982,소프트자이온,NAVER,softzion,,
927,1200,551,주식회사 태양무역,NAVER,solarsun7,,
928,1202,201009,노무법인소망,NAVER,somang5785,,
928,1184,1548,남한강매운탕,NAVER,sonamu117,,
927,1200,33,수창,NAVER,sonchen,,
928,1202,939,제니마켓,NAVER,song767,,
927,1200,57,파스퇴르 과천안양대리점,NAVER,songpastel,,
927,1200,201038,다와 you,NAVER,sonhm0117:naver,,
928,1202,938,선주냉동공업,NAVER,sonjuice,,
928,1184,9,서울수치과,NAVER,soodtal,,
928,1184,1274,다솔하우스,NAVER,sook1102,,
927,1200,33,클래식(소품클래식),NAVER,sopumclassic,,
928,1202,806,한울이엔씨,NAVER,sos1326,,
928,1202,26,정리엔,NAVER,sp159:naver,,
928,1184,1548,공간산업,NAVER,spc3114,,
928,1202,1211,스피드속기사무소,NAVER,speedsokgi,,
926,964,200998,티스퀘어,NAVER,spk0725,,
928,1184,914,(주)오리지날스푼,NAVER,spoon100,,
928,1184,9,상록토탈,NAVER,srtt,,
928,1202,929,(주)명보에스티,NAVER,ss13711,,
926,1207,200982,곰팡이헌터,NAVER,sseo9363,,
928,1202,251,(주)삼정이엔씨,NAVER,sskim1,,
809,810,1349,(주)순수코리아,NAVER,sskorea010,,
809,810,1349,(주)순수코리아,NAVER,sskorea772,,
928,1202,51,토박이부동산,NAVER,sss3909,,
928,1202,51,블링스냅,NAVER,ssss1962,,
928,1202,895,에스에스테크널러지,NAVER,sstech3061,,
926,1207,1328,스테이지나인,NAVER,stage9,,
928,1202,1040,보센코리아,NAVER,stage9456,,
928,935,2,교원스타트원,NAVER,startone_office:naver,,
928,1202,938,와이골프연습장,NAVER,steeeve1018:naver,,
928,1202,26,스카이블루,NAVER,stherapy7,,
927,1200,33,스티치하우스,NAVER,stitchhouse1,,
928,1202,898,농업회사법인 별농(주),NAVER,stnong,,
926,1207,1328,스톤뱅크,NAVER,stonebank,,
928,1202,1216,주식회사브리오,NAVER,strikeout41,,
927,1200,1594,방앗간집딸내미,NAVER,stylus1110,,
926,1207,1328,웨딩그룹위더스_광주,NAVER,suaviss0980,,
927,1200,57,드림통상,NAVER,suk2007s,,
928,1202,25,설린,NAVER,sullyn,,
928,1184,201027,설명간편한의원,NAVER,sulmyungganpyun1:naver,,
928,1184,9,수성운반기계,NAVER,sung43,,
928,1184,9,분당간판,NAVER,sungeun1014,,
927,1200,33,유플렉스,NAVER,sunghs79:naver,,
926,1207,201037,성화산업,NAVER,sunghwa1511:naver,,
927,1200,33,선플라워,NAVER,sungja5806:naver,,
928,1184,9,성진코리아,NAVER,sungjink,,
928,1184,1548,대성부동산,NAVER,sungok0903,,
928,1202,806,선진스틸트레이드,NAVER,sunjinstt,,
928,1184,9,양선이산부인과,NAVER,sunobgy,,
928,1202,81,썬통신,NAVER,suntongsin,,
928,1202,1040,SIEC어학원,NAVER,sunwinder,,
928,1202,938,머니홀릭,NAVER,super5yp,,
928,1202,938,서해스카이,NAVER,supersky3503,,
809,810,201032,베르상점,NAVER,supiaheera:naver,,
928,1184,201027,수리산채,NAVER,surisanche,,
928,1202,25,이안아트,NAVER,surkhun,,
927,1200,1012,퍼스트트렌드,NAVER,sweker,,
928,1184,9,성월루브테크,NAVER,swoil,,
928,1202,50,사랑샘,NAVER,sws7003,,
928,1184,9,서울웨딩타워,NAVER,swtower7,,
928,1202,806,새연산업,NAVER,sy150114,,
927,1200,817,단비북스,NAVER,syh8879:naver,,
928,1184,914,민주시스템에어컨,NAVER,system01,,
928,1184,9,태종,NAVER,taejong2220,,
928,1202,26,태광방음문,NAVER,taekwang0111,,
928,1184,1274,태성피엠씨,NAVER,taesungpmc0330:naver,,
928,1202,201009,노무법인 태양,NAVER,taeyang5785,,
928,1184,1274,태영섬유,NAVER,taeyoung0720,,
928,1184,201022,엘이디존,NAVER,tankbaik,,
927,1200,1012,주식회사제이온,NAVER,tarumo,,
926,1207,200980,느루헤어살롱,NAVER,tdz9915:naver,,
928,1184,917,테스칸코리아,NAVER,tescan,,
928,1202,895,태진유리,NAVER,thddl4694,,
927,1200,1530,디어라운드주식회사,NAVER,thearound,,
927,1200,930,더바스,NAVER,thebath,,
928,1202,201009,법률사무소 호연,NAVER,thecompanion,,
928,1184,917,주식회사 이끌림,NAVER,thegoodstore,,
926,964,1616,더 한,NAVER,thehan-health:naver,,
928,935,2,더하랑,NAVER,theharang21:naver,,
928,1184,1274,the-ice,NAVER,theice,,
927,1200,551,헬로우그린,NAVER,thejoen88:naver,,
1204,1205,201073,주식회사 더샤이니,NAVER,theshiny,,
928,1184,917,더소프트,NAVER,thesoft216,,
809,980,200938,송월갤러리,NAVER,thoo922,,
928,1202,898,애드블랙,NAVER,thsckdud77,,
928,1202,251,아진익스프레스,NAVER,thss498,,
928,1202,895,키우미한의원,NAVER,thswkdtn70,,
928,935,2,(주)티젠,NAVER,tigen29:naver,,
928,1184,201027,베스트빌,NAVER,ting1156,,
927,1200,201038,와이앤제이,NAVER,tjdbswl0127,,
926,1207,200982,주식회사 다양,NAVER,tjdskrqhd,,
928,1184,1548,대구성서앵글,NAVER,tjdtjdodrmf,,
927,1200,1012,여나몰,NAVER,tjrcozz,,
928,1202,81,대박개인용달,NAVER,tjrekdflek,,
928,1184,201027,태경볼트,NAVER,tkbolt326,,
927,1200,1271,공구네거리,NAVER,tkdaksvvvv:naver,,
809,980,200938,올레 kt cctv 가입센터,NAVER,tkdxo3282,,
928,1184,1274,태경이엔지,NAVER,tkeng21,,
927,1200,57,주식회사 썬메디케어,NAVER,tkhealthcare,,
928,1202,806,나니와,NAVER,tls3880:naver,,
928,1202,81,신광타일,NAVER,tlsrhkdxkdlf,,
927,1200,201038,재이케미칼,NAVER,tltlglgl,,
927,1200,817,토담,NAVER,todam2015,,
928,1184,1274,이룸부동산,NAVER,toland21,,
928,1202,81,신라디자인,NAVER,tomas009,,
928,1202,26,토마토앤컴퍼니,NAVER,tomatobag,,
927,1200,930,일레드,NAVER,toopiece2:naver,,
809,810,201021,토파즈필라테스,NAVER,topazpila:naver,,
928,1184,9,탑이엔지,NAVER,topeng,,
927,1200,201038,탑엔카 크리에이티브,NAVER,topncar,,
928,1202,81,(주)엠지브이보안시스템,NAVER,totalmgv5409,,
926,1207,200982,(주)투어마케팅코리아,NAVER,tourmktg,,
928,1202,806,어반테크닉스,NAVER,tove2020,,
928,1202,25,패스트카페,NAVER,toz,,
928,1202,938,트라패스,NAVER,trapas01,,
927,1200,930,트렌드바이미,NAVER,trendbyme,,
928,1202,26,펜션테라피,NAVER,ts1234,,
928,1184,201004,(주)티에스싸이언스,NAVER,tsscience,,
927,1200,57,맛삿갓,NAVER,ttagu8446:naver,,
928,1202,939,티티아이/ 사원증,NAVER,tteye,,
928,1202,806,태광건설정보,NAVER,ttft00,,
927,1200,556,두인네트웍스,NAVER,tutupet0525,,
926,1207,201037,제이오,NAVER,tw02252:naver,,
928,1202,1216,씽크와이드,NAVER,twide,,
928,1202,898,더트위기,NAVER,twiggy100,,
928,1202,26,티윙(고스포츠),NAVER,twing7587:naver,,
809,810,201053,피노키오,NAVER,twovtool,,
928,1202,251,태영전자,NAVER,ty7363,,
928,1202,652,아임필터,NAVER,uarm:naver,,
928,1184,201022,유디팩토리,NAVER,udfactory:naver,,
928,1202,51,유나이티드디자인,NAVER,udibiz,,
928,1202,81,자경전,NAVER,uhc0523,,
809,810,1349,콜텍,NAVER,ukshin21,,
928,1184,9,유니크,NAVER,unicc,,
928,1202,806,(주)유니씨앤씨,NAVER,unicnc,,
927,1200,33,유니엘,NAVER,uniel2001,,
928,1202,26,트랜드몰,NAVER,unitrend,,
928,1202,895,돌쇠피싱,NAVER,univmeeting:naver,,
928,1202,806,유리시스템(에이프리카),NAVER,urisystem1,,
928,1202,898,에스패밀리,NAVER,used130,,
928,1184,914,후한의원,NAVER,ushoo,,
928,1184,917,원진글로발,NAVER,v17433,,
928,1202,938,베지푸드,NAVER,vegefood,,
928,1184,1548,베뉴지 웨딩홀,NAVER,venueg,,
928,1184,1274,24시스카이동물병원,NAVER,vetleader,,
928,1202,51,브이엑스,NAVER,vexpert,,
928,1202,1211,vfxlab,NAVER,vfxlab,,
928,1184,9,승리기공,NAVER,victory5336,,
926,1207,1328,(주)리함,NAVER,victory75,,
928,1202,806,비고르 헤어아뜰리에,NAVER,vigor4862:naver,,
928,1202,50,큰바위얼굴,NAVER,vip0424,,
928,1184,1548,용동물병원 최용수,NAVER,virology,,
928,1184,9,김용관세무회계사,NAVER,vision2005,,
928,1202,1216,비젼코리아,NAVER,visionmall,,
926,1207,1328,분당메모리얼파크,NAVER,vivalime,,
928,1202,81,펌프굿,NAVER,vjavm88,,
927,1200,57,아레파코리아,NAVER,vkvk1995,,
927,1200,1594,주식회사 브이온바이오,NAVER,vonbio,,
809,810,201052,Salt Music Studio,NAVER,vop0505:naver,,
928,1202,26,예사 붙임머리,NAVER,vstar0313,,
926,1207,201011,주식회사 불카노스,NAVER,vulcanus,,
928,1202,806,중부탱크기술,NAVER,vz001,,
927,1200,1496,강집사,NAVER,walkbrain1,,
928,1202,25,와니비,NAVER,waneebe,,
926,1207,200980,세광기전,NAVER,washaseo,,
928,1184,917,시계상자,NAVER,watchcase2,,
928,1184,917,친절한왁싱샵,NAVER,waxinging,,
928,1184,201022,예스제주,NAVER,we_will_win:naver,,
928,1202,26,웹퍼니,NAVER,webfun1234,,
928,1184,917,웨슬리짐,NAVER,wesleygym,,
928,1184,917,피싱다이나믹,NAVER,westhunter21,,
928,1184,917,위브치과,NAVER,weve2875,,
928,1202,898,파스텔무드,NAVER,wgs513:naver,,
928,1202,251,왓더버거 경주점,NAVER,whatthegyeongju:naver,,
927,1200,33,sbs아카데미게임학원 조윤성,NAVER,whdbstjdvs12,,
928,1184,9,휠로피아,NAVER,wheelo,,
928,1202,938,펫뉴얼,NAVER,whguswns210:naver,,
926,1207,1328,하얀e치과,NAVER,white2vv,,
928,1202,933,아름다운농원,NAVER,wholefarm,,
927,1200,566,쿠션마켓,NAVER,whtjddndy,,
928,1202,51,선재해변펜션,NAVER,whtkdgus,,
928,1202,1040,위아스아카데미,NAVER,wias123,,
927,1200,1594,레인스(RAINS),NAVER,williamyyc:naver,,
928,1202,1040,윌셔코리아어학원,NAVER,wilshire,,
928,1184,9,금오송풍기계,NAVER,windkee,,
927,1200,817,주식회사 위니텍,NAVER,winitec81,,
927,1200,201038,위너코리아,NAVER,winnermart,,
928,1202,929,이지원변호사,NAVER,wiselawyer,,
926,1207,1328,웨딩그룹위더스_영등포,NAVER,withus123,,
927,1200,560,유노이아디자인,NAVER,witty_market:naver,,
928,1202,251,위즈유,NAVER,wizu2011,,
927,1200,551,엄지약초,NAVER,wjdgktn8991,,
928,1202,26,나들이렌트카,NAVER,wjdwoqhr1144,,
927,1200,551,원진전자통신,NAVER,wjjs,,
928,1184,9,원진맨홀,NAVER,wjmanhole,,
928,1202,895,스터디정복,NAVER,wjs416,,
928,1184,9,우진열기,NAVER,wjtank,,
928,1202,652,세무법인 우주,NAVER,wjtax1,,
926,1207,201011,우진워터스,NAVER,wjwaters,,
928,1184,1548,갤럭시원룸텔 잠원동,NAVER,wkadnjsxy12,,
928,1202,50,(주)장비야닷컴,NAVER,wkdqldi,,
928,1202,806,바로철거,NAVER,wldus7323:naver,,
809,810,201032,어라이,NAVER,wlsqhd2245:naver,,
926,1207,1328,화물인,NAVER,wlsxor2002,,
928,1184,917,(주)워터멜론컴퍼니,NAVER,wmelonshop,,
927,1200,33,더블유엠글로벌,NAVER,wmglobal,,
928,1184,9,광림특장공업,NAVER,wnkanglim,,
928,1202,81,(주)위드네이처페인트,NAVER,wnpaint,,
928,1202,1040,(주)잭핏,NAVER,wolfdogcabo,,
928,1202,938,스타카,NAVER,woman7,,
927,1200,566,(주)원진커머스,NAVER,won13894,,
928,1184,9,예인기업,NAVER,wonjuu,,
928,1202,938,원스프링,NAVER,wonsp2001,,
927,1200,57,레드마우스,NAVER,wonsun1545,,
926,1207,201037,우리피엠아이,NAVER,woo1234,,
928,1202,933,프라이빗펜션,NAVER,wook7157,,
927,1200,33,인연,NAVER,woolfmen2000,,
928,1202,933,우주기획,NAVER,woora01,,
928,1202,938,우리자수,NAVER,woori885,,
928,1184,917,주식회사우리휀스산업,NAVER,wooryfence,,
928,1202,251,우신에프에이,NAVER,wooshinfa,,
927,1200,566,루나무역,NAVER,woovak:naver,,
928,1202,25,미광사,NAVER,worisky,,
927,1200,201038,하리오컴퍼니,NAVER,work4b:naver,,
928,1202,806,바로철거,NAVER,wotmd0417:naver,,
928,1202,939,한국수축wr3943/쉬링크sk3943,NAVER,wr3943,,
928,1184,1274,김포가마솥해장국,NAVER,wscoly,,
928,1202,1040,우성초음파,NAVER,wssonic,,
927,1200,57,우드밸리,NAVER,wv6432,,
926,1207,201037,우양산기,NAVER,wysg2002,,
927,1200,57,(주)리버네트워크,NAVER,xpkiller,,
926,964,200998,CCTV프렌즈,NAVER,xpowernw:naver,,
928,1184,9,유일,NAVER,y21,,
926,1207,200982,영애드,NAVER,yad7779737,,
926,1207,200982,초코하우징,NAVER,yanan29,,
928,1202,806,포낙보청기 광주센터,NAVER,yangpa113,,
927,1200,33,에이치앤케이,NAVER,yassangmall,,
927,1200,930,오만플라워,NAVER,ybhflower,,
927,1200,551,(주)창앤롤,NAVER,yechang7,,
926,1207,200982,주식회사 예일헬스케어,NAVER,yeilmgr22,,
928,1184,9,예인,NAVER,yeinart77,,
928,1184,201004,예건산업,NAVER,yekuns,,
928,1202,938,예써,NAVER,yesirinc:naver,,
928,1202,25,용문전기,NAVER,ygim3191,,
928,1202,26,서해안바다낚시 통일호,NAVER,yhd1234,,
928,1202,806,하나로종합물류,NAVER,yhs5256:naver,,
928,1184,1274,인테리어이즈,NAVER,yhth12,,
928,1202,938,욕실구조대,NAVER,yjk9130:naver,,
928,1184,201027,신성공인중개사무소,NAVER,yjmah,,
928,1184,917,진명발전기,NAVER,ylizonno2,,
928,1202,25,유니트론보청기 인천서구점,NAVER,yong6538,,
928,1184,201027,명인공방,NAVER,yongyong8456,,
928,1184,1548,유엘헤어,NAVER,yoolse:naver,,
926,1207,201011,요리수연산,NAVER,yorisu2019,,
927,1200,33,스포츠런,NAVER,youngdis,,
928,1202,938,청춘욕실,NAVER,ysjmt2014,,
928,1202,938,와이에스메디칼,NAVER,ysmedi2014,,
928,1184,917,연세미즈산부인과,NAVER,ysmiz,,
928,1184,201004,충주농원,NAVER,yspkor1583,,
928,1202,939,매직닷,NAVER,yss57,,
928,1202,50,법무법인영진,NAVER,yssonglaw,,
928,1202,939,누리플라스틱,NAVER,ytslucky,,
926,1207,200982,사단복지법인빛과소금유당마을,NAVER,yudang,,
928,1184,1548,(주)유일에프에이,NAVER,yuil1107,,
928,1202,81,지끈몰,NAVER,yummy99,,
928,1202,51,메인통상,NAVER,yun8915,,
928,1202,50,주식회사 다니카,NAVER,yureka777,,
928,1202,898,"이재관, 정인욱",NAVER,yw_ygl,,
928,1202,898,"이재관, 정인욱",NAVER,ywd_vmware,,
927,1200,33,원플러스원,NAVER,yykorea,,
927,1200,930,1STPLATFOM,NAVER,z9golf,,
926,1207,200980,라까사호텔,NAVER,zamyeong,,
928,1184,917,사커붐,NAVER,zangbi,,
928,1202,806,샤인컴퍼니(젤리몬즈 스튜디오),NAVER,zbros8,,
928,1202,81,제로조명,NAVER,zero4999,,
928,1184,917,티와이그린,NAVER,zero8279,,
928,1184,9,제우스이엔지,NAVER,zeuseng,,
928,1184,917,줌테크,NAVER,zoomtech,,
928,966,201031,주식회사 디스피스,NAVER,zymelife,,
927,1200,930,디자인 몬스터,NAVER,zzini3307,,
